order_id,order_date,customer_id,customer_name,city,product_category,region,quantity,unit_price,discount,payment_method,delivery_days,customer_rating,revenue
10001,2024-01-01,1102,Amit,Hyderabad,Beauty,North,2.0,3044.47,8.56,Credit Card,3.0,4.0,5567.73
10002,2024-01-01,1179,Vishal,Chennai,Electronics,North,7.0,1770.7,18.92,Net Banking,5.0,1.0,10049.78
10003,2024-01-02,1092,Sneha,Hyderabad,Clothing,East,4.0,4594.61,13.67,Credit Card,11.0,5.0,15866.11
10004,2024-01-03,1014,Karan,Hyderabad,Beauty,South,1.0,2092.29,14.46,UPI,4.0,4.0,1789.74
10005,2024-01-03,1106,Anjali,Jaipur,Home & Kitchen,West,4.0,802.08,22.73,Cash on Delivery,8.0,5.0,2479.07
10006,2024-01-04,1071,Amit,Ahmedabad,Books,South,5.0,3602.12,8.46,Debit Card,4.0,5.0,16486.9
10007,2024-01-05,1188,Amit,,Beauty,North,5.0,1537.43,9.54,,11.0,2.0,6953.8
10008,2024-01-06,1020,Priya,Ahmedabad,Electronics,South,4.0,2674.8,27.74,Credit Card,8.0,2.0,7731.24
10009,2024-01-06,1102,,Bengaluru,Home & Kitchen,North,5.0,3519.38,1.69,Debit Card,6.0,4.0,17299.51
10010,2024-01-07,1121,Rahul,Gurugram,Clothing,South,2.0,4511.29,14.57,Net Banking,11.0,2.0,7707.99
10011,2024-01-08,1210,Amit,Ahmedabad,,East,6.0,3981.74,,Cash on Delivery,5.0,,
10012,2024-01-09,1214,Vishal,Mumbai,Home & Kitchen,Central,4.0,3414.17,18.31,Debit Card,4.0,4.0,11156.14
10013,2024-01-09,1074,Rohit,Jaipur,Sports,East,7.0,,16.39,Debit Card,4.0,5.0,
10014,2024-01-10,1202,Anjali,Chennai,Home & Kitchen,East,2.0,4735.03,7.49,Debit Card,4.0,3.0,8760.75
10015,2024-01-11,1087,Amit,Gurugram,Home & Kitchen,Central,6.0,1549.54,10.3,UPI,11.0,3.0,8339.62
10016,2024-01-11,1116,Vishal,Bengaluru,Beauty,Central,7.0,105.45,,Cash on Delivery,9.0,4.0,
10017,2024-01-12,1099,Vishal,Ahmedabad,Clothing,West,7.0,1432.58,16.78,Debit Card,4.0,1.0,8345.35
10018,2024-01-13,1103,Anjali,Bengaluru,Beauty,West,7.0,1167.67,15.44,Cash on Delivery,9.0,4.0,6911.67
10019,2024-01-14,1151,Rahul,Chennai,Beauty,East,6.0,3342.99,2.99,Debit Card,10.0,5.0,19458.21
10020,2024-01-14,1130,Vishal,Hyderabad,Electronics,East,2.0,3205.19,0.48,Net Banking,6.0,3.0,6379.61
10021,2024-01-15,1149,Rohit,Kolkata,Beauty,North,7.0,3007.96,28.91,Net Banking,10.0,4.0,14968.51
10022,2024-01-16,1052,Vishal,Chennai,Sports,North,7.0,179.59,11.31,Net Banking,7.0,,1114.95
10023,2024-01-17,1001,Vishal,Pune,Sports,West,3.0,3671.01,18.1,Credit Card,10.0,3.0,9019.67
10024,2024-01-17,1087,Vishal,Chennai,Electronics,West,4.0,1685.3,2.39,Debit Card,3.0,5.0,6580.09
10025,2024-01-18,1235,Sneha,Bengaluru,Books,North,6.0,3358.77,,Credit Card,8.0,5.0,
10026,2024-01-19,1157,Sneha,Mumbai,Clothing,North,6.0,2827.23,27.98,Cash on Delivery,3.0,4.0,12217.03
10027,2024-01-19,1037,Rahul,Jaipur,Clothing,South,5.0,1779.38,17.27,,1.0,5.0,7360.41
10028,2024-01-20,1129,Amit,Mumbai,Beauty,South,,759.42,3.78,Cash on Delivery,10.0,4.0,
10029,2024-01-21,1191,Vishal,Bengaluru,,North,2.0,562.65,17.45,Cash on Delivery,5.0,3.0,928.94
10030,2024-01-22,1187,Karan,Jaipur,Books,South,6.0,4174.44,22.99,Cash on Delivery,2.0,3.0,19288.42
10031,2024-01-22,1020,Amit,Pune,Beauty,Central,3.0,4600.15,12.19,Credit Card,10.0,5.0,12118.18
10032,2024-01-23,1160,Rahul,Kolkata,Clothing,West,4.0,3283.96,26.4,Debit Card,6.0,2.0,9667.98
10033,2024-01-24,1203,Neha,Gurugram,Home & Kitchen,West,4.0,606.83,19.46,Credit Card,10.0,4.0,1954.96
10034,2024-01-25,1057,Amit,Bengaluru,Sports,North,6.0,2069.93,26.98,Debit Card,9.0,4.0,9068.78
10035,2024-01-25,1021,Amit,Ahmedabad,Home & Kitchen,East,7.0,3671.8,18.71,Debit Card,1.0,4.0,20893.64
10036,2024-01-26,1235,Pooja,Bengaluru,Home & Kitchen,North,1.0,3921.12,3.94,Cash on Delivery,4.0,3.0,3766.63
10037,2024-01-27,1088,Priya,Bengaluru,Clothing,South,1.0,679.27,9.29,Credit Card,1.0,3.0,616.17
10038,2024-01-28,1048,Pooja,Jaipur,Home & Kitchen,East,7.0,100.15,6.05,Debit Card,,2.0,658.64
10039,2024-01-28,1218,,Delhi,Books,South,7.0,3589.47,27.26,Net Banking,8.0,4.0,18276.86
10040,2024-01-29,1058,Sneha,Chennai,Electronics,Central,7.0,1847.32,22.81,Debit Card,11.0,4.0,9981.62
10041,2024-01-30,1169,Sneha,Delhi,Beauty,South,2.0,1346.96,20.29,Net Banking,2.0,4.0,2147.32
10042,2024-01-30,1219,Priya,Pune,Electronics,Central,1.0,163.2,9.03,Credit Card,,4.0,148.46
10043,2024-01-31,1187,Anjali,Ahmedabad,Sports,Central,7.0,2747.47,,Credit Card,11.0,2.0,
10044,2024-02-01,1207,Anjali,Kolkata,Beauty,South,2.0,4270.64,22.69,Credit Card,8.0,5.0,6603.26
10045,2024-02-02,1014,Rahul,Hyderabad,Home & Kitchen,South,5.0,4792.4,14.22,Debit Card,4.0,,20554.6
10046,2024-02-02,1189,Priya,Pune,Sports,Central,2.0,2872.15,6.77,UPI,3.0,2.0,5355.41
10047,2024-02-03,1189,Amit,Hyderabad,Beauty,East,1.0,2620.86,18.5,Debit Card,4.0,3.0,2136.0
10048,2024-02-04,1174,Anjali,Hyderabad,Books,Central,6.0,516.78,1.21,Debit Card,11.0,5.0,3063.16
10049,2024-02-05,1189,Vishal,Kolkata,Books,West,5.0,2789.48,9.79,Cash on Delivery,5.0,5.0,12581.95
10050,2024-02-05,1050,Karan,Mumbai,Books,Central,1.0,1961.9,14.06,Cash on Delivery,1.0,3.0,1686.06
10051,2024-02-06,1107,Amit,Delhi,Books,East,2.0,3074.96,4.44,Debit Card,11.0,4.0,5876.86
10052,2024-02-07,1054,Rohit,Bengaluru,Home & Kitchen,West,3.0,2004.76,29.54,Net Banking,1.0,2.0,4237.66
10053,2024-02-07,1243,Vishal,Gurugram,Electronics,North,4.0,1277.47,6.27,Cash on Delivery,3.0,1.0,4789.49
10054,2024-02-08,1063,Vishal,Hyderabad,Beauty,North,1.0,565.33,3.91,Debit Card,6.0,4.0,543.23
10055,2024-02-09,1248,Priya,Ahmedabad,Home & Kitchen,East,7.0,1643.1,6.11,UPI,1.0,4.0,10798.95
10056,2024-02-10,1130,Rahul,Pune,Books,Central,2.0,573.56,23.07,Net Banking,11.0,4.0,882.48
10057,2024-02-10,1228,Rohit,Mumbai,Electronics,South,7.0,966.8,12.77,Credit Card,,3.0,5903.38
10058,2024-02-11,1050,Anjali,Hyderabad,Sports,East,7.0,4937.95,,Debit Card,7.0,1.0,
10059,2024-02-12,1134,Priya,Mumbai,Sports,West,7.0,2276.11,0.63,Debit Card,1.0,3.0,15832.39
10060,2024-02-13,1020,Anjali,Mumbai,Sports,West,7.0,2706.17,1.03,Net Banking,7.0,1.0,18748.08
10061,2024-02-13,1072,Priya,Hyderabad,Books,North,7.0,4380.73,,Cash on Delivery,4.0,,
10062,2024-02-14,1166,Priya,Jaipur,Sports,West,5.0,4978.29,24.5,Cash on Delivery,10.0,3.0,18793.04
10063,2024-02-15,1017,,Chennai,Clothing,East,1.0,2955.3,26.56,Cash on Delivery,6.0,3.0,2170.37
10064,2024-02-16,1131,Rahul,Ahmedabad,Beauty,West,1.0,4081.12,2.6,Credit Card,8.0,3.0,3975.01
10065,2024-02-16,1088,Priya,Bengaluru,Beauty,East,4.0,1702.01,16.15,Net Banking,9.0,4.0,5708.54
10066,2024-02-17,1059,Neha,Bengaluru,Books,South,2.0,1598.15,27.4,Net Banking,6.0,1.0,2320.51
10067,2024-02-18,1013,Karan,Ahmedabad,,North,3.0,2073.25,11.64,Cash on Delivery,11.0,2.0,5495.77
10068,2024-02-18,1241,Anjali,Jaipur,Home & Kitchen,West,5.0,3395.29,24.89,Cash on Delivery,9.0,4.0,12751.01
10069,2024-02-19,1249,Amit,Bengaluru,Home & Kitchen,East,2.0,3442.74,4.01,UPI,4.0,2.0,6609.37
10070,2024-02-20,1008,Pooja,Mumbai,Sports,Central,5.0,1644.67,28.06,UPI,6.0,4.0,5915.88
10071,2024-02-21,1089,Rohit,Kolkata,Electronics,North,1.0,752.73,22.54,Debit Card,8.0,1.0,583.06
10072,2024-02-21,1052,Sneha,Pune,Home & Kitchen,South,7.0,3198.74,28.24,Debit Card,9.0,3.0,16067.91
10073,2024-02-22,1129,Rahul,Delhi,Electronics,East,4.0,728.8,20.3,Net Banking,3.0,2.0,2323.41
10074,2024-02-23,1083,Amit,Bengaluru,Beauty,South,4.0,2934.61,10.9,Net Banking,2.0,2.0,10458.95
10075,2024-02-24,1091,,Ahmedabad,,South,6.0,3497.77,28.15,Credit Card,6.0,4.0,15078.89
10076,2024-02-24,1110,,Kolkata,Beauty,West,3.0,3533.0,8.27,Credit Card,4.0,5.0,9722.46
10077,2024-02-25,1187,Sneha,Hyderabad,Clothing,West,4.0,3792.01,9.97,UPI,1.0,1.0,13655.79
10078,2024-02-26,1198,Pooja,Chennai,Clothing,East,7.0,4377.01,21.02,Debit Card,8.0,3.0,24198.74
10079,2024-02-26,1171,Amit,Ahmedabad,Books,Central,1.0,2549.8,22.96,UPI,,4.0,1964.37
10080,2024-02-27,1007,Sneha,Mumbai,Books,East,3.0,3678.22,27.88,UPI,9.0,3.0,7958.2
10081,2024-02-28,1174,Amit,Chennai,Sports,Central,2.0,3133.95,6.14,Debit Card,2.0,5.0,5883.05
10082,2024-02-29,1034,Neha,Pune,Home & Kitchen,South,7.0,1014.54,23.94,Credit Card,9.0,2.0,5401.61
10083,2024-02-29,1205,Pooja,Pune,Sports,North,7.0,225.88,22.16,Debit Card,7.0,5.0,1230.77
10084,2024-03-01,1080,Vishal,Jaipur,Beauty,East,4.0,1494.25,1.91,Cash on Delivery,5.0,3.0,5862.84
10085,2024-03-02,1163,Priya,Gurugram,Sports,East,3.0,2270.87,11.62,Cash on Delivery,7.0,3.0,6020.98
10086,2024-03-03,1049,Anjali,Jaipur,Electronics,Central,1.0,3123.82,8.48,Cash on Delivery,9.0,5.0,2858.92
10087,2024-03-03,1103,Vishal,Kolkata,Beauty,South,6.0,4264.8,9.13,Net Banking,8.0,4.0,23252.54
10088,2024-03-04,1131,Priya,Chennai,Books,South,5.0,1061.6,29.49,Credit Card,6.0,4.0,3742.67
10089,2024-03-05,1001,Rahul,Gurugram,Clothing,Central,5.0,715.19,19.28,Credit Card,4.0,4.0,2886.51
10090,2024-03-06,1133,Karan,Hyderabad,Books,South,1.0,4821.05,21.53,Net Banking,1.0,4.0,3783.08
10091,2024-03-06,1053,Rohit,Mumbai,Home & Kitchen,West,1.0,629.42,29.3,UPI,6.0,2.0,445.0
10092,2024-03-07,1105,Rohit,Chennai,Beauty,North,5.0,2444.61,11.32,Cash on Delivery,3.0,,10839.4
10093,2024-03-08,1003,Anjali,Jaipur,Beauty,East,6.0,2969.26,24.06,Cash on Delivery,6.0,2.0,13529.14
10094,2024-03-08,1053,Pooja,Delhi,Electronics,North,3.0,2752.73,,UPI,6.0,5.0,
10095,2024-03-09,1220,Neha,Gurugram,Home & Kitchen,East,5.0,521.56,26.09,Debit Card,4.0,5.0,1927.42
10096,2024-03-10,1190,Pooja,Gurugram,Clothing,West,1.0,379.43,5.42,Debit Card,2.0,3.0,358.86
10097,2024-03-11,1145,Neha,Mumbai,Beauty,South,4.0,616.87,28.43,Credit Card,9.0,3.0,1765.98
10098,2024-03-11,1217,Pooja,Bengaluru,Beauty,Central,2.0,2969.38,6.56,Net Banking,2.0,1.0,5549.18
10099,2024-03-12,1043,Karan,,Electronics,West,6.0,2767.29,9.79,Credit Card,3.0,1.0,14978.23
10100,2024-03-13,1161,Rahul,Pune,Sports,North,7.0,1245.33,22.69,Debit Card,10.0,,6739.35
10101,2024-03-14,1201,Rahul,Delhi,Clothing,Central,,3225.09,11.81,UPI,1.0,2.0,
10102,2024-03-14,1189,Priya,Kolkata,Books,South,4.0,4118.33,18.25,Credit Card,7.0,3.0,13466.94
10103,2024-03-15,1227,Sneha,Kolkata,Home & Kitchen,West,4.0,303.74,13.34,Cash on Delivery,1.0,5.0,1052.88
10104,2024-03-16,1013,Rahul,Hyderabad,Beauty,Central,7.0,,22.27,Cash on Delivery,11.0,5.0,
10105,2024-03-16,1094,Rahul,Chennai,Beauty,West,1.0,3477.62,6.85,UPI,9.0,4.0,3239.4
10106,2024-03-17,1047,Vishal,Ahmedabad,Books,West,5.0,1336.33,1.75,Debit Card,11.0,4.0,6564.72
10107,2024-03-18,1014,Vishal,Bengaluru,Clothing,South,3.0,1608.08,9.0,Cash on Delivery,11.0,4.0,4390.06
10108,2024-03-19,1199,Priya,Jaipur,Sports,East,6.0,3106.83,14.23,Cash on Delivery,1.0,5.0,15988.37
10109,2024-03-19,1205,Sneha,Ahmedabad,Beauty,Central,7.0,4499.88,5.04,Net Banking,5.0,,29911.6
10110,2024-03-20,1214,Anjali,Ahmedabad,,South,6.0,4068.63,10.64,Credit Card,7.0,4.0,21814.37
10111,2024-03-21,1248,Vishal,Gurugram,Books,West,4.0,2957.34,12.0,Debit Card,3.0,1.0,10409.84
10112,2024-03-22,1189,Anjali,Delhi,Electronics,South,5.0,3678.09,1.72,Credit Card,9.0,2.0,18074.13
10113,2024-03-22,1039,Amit,Pune,Sports,East,6.0,1887.63,17.5,Debit Card,8.0,4.0,9343.77
10114,2024-03-23,1212,Vishal,Hyderabad,Home & Kitchen,Central,3.0,3240.73,26.53,Cash on Delivery,3.0,5.0,7142.89
10115,2024-03-24,1207,Karan,Kolkata,Beauty,East,4.0,2384.29,4.55,Net Banking,5.0,5.0,9103.22
10116,2024-03-25,1236,Sneha,Delhi,Clothing,North,3.0,1030.69,17.93,Credit Card,7.0,5.0,2537.66
10117,2024-03-25,1081,Priya,Gurugram,Electronics,Central,5.0,,19.94,Cash on Delivery,4.0,4.0,
10118,2024-03-26,1110,Amit,Jaipur,Home & Kitchen,East,6.0,2826.68,,Debit Card,5.0,4.0,
10119,2024-03-27,1052,Sneha,Hyderabad,Clothing,West,2.0,1857.25,21.03,,3.0,5.0,2933.34
10120,2024-03-27,1023,Karan,Gurugram,Clothing,Central,,4565.56,12.32,Credit Card,9.0,4.0,
10121,2024-03-28,1153,Sneha,Pune,Home & Kitchen,Central,5.0,202.58,15.14,Cash on Delivery,10.0,3.0,859.55
10122,,1216,,Pune,Electronics,South,6.0,1647.29,0.22,Credit Card,9.0,3.0,9862.0
10123,2024-03-30,1187,Karan,Pune,Books,West,7.0,378.72,20.75,Net Banking,7.0,5.0,2100.95
10124,2024-03-30,1123,Anjali,Delhi,Electronics,North,6.0,3855.98,19.84,,10.0,3.0,18545.72
10125,2024-03-31,1236,Pooja,,Sports,East,1.0,3540.33,1.15,Cash on Delivery,2.0,5.0,3499.62
10126,2024-04-01,1040,Amit,Kolkata,Beauty,South,6.0,1723.63,11.05,Debit Card,7.0,2.0,9199.01
10127,2024-04-02,1156,Sneha,Kolkata,Home & Kitchen,East,6.0,3410.75,29.37,Cash on Delivery,7.0,4.0,14454.08
10128,2024-04-02,1014,Neha,Jaipur,Books,North,3.0,2040.09,12.62,Net Banking,11.0,4.0,5347.89
10129,2024-04-03,1044,Amit,,,North,2.0,3805.64,15.06,UPI,5.0,4.0,6465.02
10130,2024-04-04,1064,Pooja,Mumbai,Home & Kitchen,Central,3.0,2325.5,27.3,UPI,9.0,,5071.92
10131,2024-04-04,1088,Amit,Mumbai,Electronics,North,3.0,2120.17,21.52,Credit Card,11.0,5.0,4991.73
10132,2024-04-05,1070,Rahul,Gurugram,Beauty,East,4.0,4680.18,17.46,Credit Card,3.0,4.0,15452.08
10133,2024-04-06,1008,Neha,Pune,Sports,West,1.0,1329.31,23.93,UPI,4.0,3.0,1011.21
10134,2024-04-07,1087,Pooja,Hyderabad,Clothing,West,3.0,690.19,25.93,Net Banking,1.0,4.0,1533.67
10135,2024-04-07,1128,Anjali,Ahmedabad,Clothing,Central,7.0,2964.26,13.71,Credit Card,6.0,3.0,17905.02
10136,2024-04-08,1235,Sneha,Delhi,Home & Kitchen,East,5.0,4849.68,14.25,Cash on Delivery,4.0,3.0,20793.0
10137,2024-04-09,1135,Rohit,Chennai,Beauty,East,7.0,1951.41,11.58,Cash on Delivery,1.0,3.0,12078.06
10138,2024-04-10,1215,Pooja,Bengaluru,Books,North,5.0,403.98,29.0,Net Banking,2.0,5.0,1434.13
10139,2024-04-10,1062,Priya,Jaipur,Electronics,East,6.0,1762.6,20.91,Credit Card,3.0,4.0,8364.24
10140,2024-04-11,1138,Sneha,Pune,Beauty,South,4.0,2579.07,2.5,,9.0,4.0,10058.37
10141,2024-04-12,1242,Pooja,Pune,Beauty,North,1.0,893.42,25.89,Credit Card,8.0,3.0,662.11
10142,2024-04-13,1080,Rahul,Pune,Electronics,South,7.0,3324.7,14.42,Credit Card,7.0,3.0,19916.95
10143,2024-04-13,1135,Rohit,Delhi,Home & Kitchen,Central,1.0,4988.97,2.06,Cash on Delivery,11.0,5.0,4886.2
10144,2024-04-14,1162,Rahul,Delhi,Beauty,West,7.0,2313.52,,UPI,4.0,4.0,
10145,2024-04-15,1162,Rohit,Bengaluru,Clothing,Central,6.0,1838.17,12.51,Cash on Delivery,1.0,,9649.29
10146,2024-04-15,1032,Priya,Ahmedabad,Electronics,West,5.0,2063.45,26.33,Net Banking,,2.0,7600.72
10147,2024-04-16,1122,Sneha,Hyderabad,Books,Central,2.0,664.22,6.12,Debit Card,4.0,2.0,1247.14
10148,2024-04-17,1004,,Pune,Sports,East,4.0,4428.04,24.79,Cash on Delivery,3.0,5.0,13321.32
10149,2024-04-18,1233,Rahul,Mumbai,Home & Kitchen,South,7.0,2132.65,16.73,Credit Card,9.0,4.0,12431.0
10150,2024-04-18,1230,Rahul,Kolkata,Electronics,West,7.0,1997.64,1.64,Credit Card,10.0,2.0,13754.15
10151,2024-04-19,1249,Karan,Mumbai,Sports,North,6.0,,29.16,Cash on Delivery,4.0,3.0,
10152,2024-04-20,1040,Rohit,Gurugram,Sports,South,4.0,2265.96,15.38,,4.0,5.0,7669.82
10153,2024-04-21,1027,Vishal,Mumbai,Books,North,5.0,3276.34,8.73,Cash on Delivery,9.0,3.0,14951.58
10154,2024-04-21,1134,Sneha,Gurugram,Beauty,South,5.0,401.09,14.08,Debit Card,11.0,4.0,1723.08
10155,2024-04-22,1200,Rohit,Chennai,Books,South,7.0,4087.24,25.74,Debit Card,2.0,3.0,21246.29
10156,2024-04-23,1071,Karan,Kolkata,Beauty,Central,2.0,4708.47,9.15,Net Banking,5.0,3.0,8555.29
10157,2024-04-23,1011,Amit,Mumbai,Beauty,West,2.0,3278.95,5.78,Credit Card,4.0,5.0,6178.85
10158,,1161,Rohit,Chennai,Electronics,West,1.0,4777.37,3.87,Credit Card,9.0,3.0,4592.49
10159,2024-04-25,1032,Anjali,Jaipur,Electronics,South,4.0,842.02,8.94,Debit Card,5.0,4.0,3066.97
10160,2024-04-26,1047,Sneha,Hyderabad,Home & Kitchen,East,4.0,2439.34,23.4,Credit Card,9.0,5.0,7474.14
10161,2024-04-26,1246,Karan,Chennai,Beauty,,5.0,3048.85,14.15,UPI,11.0,3.0,13087.19
10162,2024-04-27,1150,Amit,Hyderabad,Sports,North,1.0,2950.51,6.82,Debit Card,9.0,3.0,2749.29
10163,2024-04-28,1061,Neha,Mumbai,Clothing,North,6.0,2067.16,4.99,Credit Card,2.0,4.0,11784.05
10164,2024-04-29,1215,Karan,Ahmedabad,Home & Kitchen,Central,,1756.61,9.98,UPI,9.0,3.0,
10165,2024-04-29,1036,Neha,Chennai,Electronics,South,1.0,721.44,,Net Banking,3.0,,
10166,2024-04-30,1098,Sneha,Kolkata,Books,North,1.0,2019.54,10.29,Credit Card,4.0,3.0,1811.73
10167,2024-05-01,1171,Rahul,Mumbai,Home & Kitchen,North,7.0,897.04,29.64,UPI,1.0,4.0,4418.1
10168,2024-05-02,1103,Karan,Pune,Home & Kitchen,South,5.0,3698.39,14.56,Cash on Delivery,,4.0,15799.52
10169,2024-05-02,1213,Priya,Delhi,Home & Kitchen,Central,1.0,1123.27,5.37,Cash on Delivery,1.0,4.0,1062.95
10170,2024-05-03,1218,Neha,Chennai,Home & Kitchen,North,2.0,386.97,26.73,UPI,9.0,1.0,567.07
10171,2024-05-04,1034,Anjali,Kolkata,Clothing,,2.0,2806.59,13.81,Debit Card,11.0,4.0,4838.0
10172,2024-05-04,1192,Priya,Jaipur,Books,West,3.0,3016.63,21.29,Debit Card,8.0,5.0,7123.17
10173,2024-05-05,1226,Pooja,Pune,Books,Central,5.0,4372.37,29.51,Credit Card,5.0,4.0,15410.42
10174,2024-05-06,1100,Pooja,Jaipur,Books,East,7.0,2927.21,1.51,Cash on Delivery,5.0,4.0,20181.06
10175,2024-05-07,1174,Amit,Mumbai,Beauty,East,6.0,1792.86,2.9,Debit Card,9.0,4.0,10445.2
10176,2024-05-07,1205,Rahul,Delhi,Sports,Central,3.0,4034.76,21.61,Debit Card,3.0,5.0,9488.55
10177,2024-05-08,1130,,Chennai,Books,East,2.0,2747.37,8.45,Cash on Delivery,3.0,5.0,5030.43
10178,2024-05-09,1000,Karan,Chennai,Home & Kitchen,West,7.0,488.47,5.53,Net Banking,7.0,,3230.2
10179,2024-05-10,1004,Vishal,Ahmedabad,Home & Kitchen,South,3.0,2872.67,1.18,Debit Card,9.0,3.0,8516.32
10180,2024-05-10,1217,Anjali,Ahmedabad,Books,East,5.0,4549.29,0.66,UPI,6.0,3.0,22596.32
10181,2024-05-11,1246,Neha,Mumbai,Books,East,7.0,2041.93,23.23,Credit Card,2.0,3.0,10973.13
10182,2024-05-12,1141,Sneha,Mumbai,Home & Kitchen,Central,5.0,1552.0,,Debit Card,1.0,2.0,
10183,2024-05-12,1102,Priya,Delhi,Beauty,West,1.0,803.0,14.03,Debit Card,2.0,5.0,690.34
10184,2024-05-13,1026,Pooja,Ahmedabad,Electronics,South,4.0,842.08,18.18,Net Banking,1.0,1.0,2755.96
10185,2024-05-14,1136,Anjali,Kolkata,Electronics,Central,1.0,2220.58,12.85,UPI,10.0,4.0,1935.24
10186,2024-05-15,1206,Vishal,Kolkata,Books,Central,5.0,3018.83,0.81,Credit Card,10.0,4.0,14971.89
10187,2024-05-15,1014,Karan,,Clothing,West,7.0,495.02,23.51,Debit Card,9.0,2.0,2650.49
10188,2024-05-16,1089,Amit,Kolkata,Books,South,2.0,4703.89,0.32,Credit Card,10.0,5.0,9377.68
10189,2024-05-17,1041,Vishal,Gurugram,Books,West,6.0,3800.15,22.86,Cash on Delivery,8.0,5.0,17588.61
10190,2024-05-18,1123,Anjali,Hyderabad,Electronics,South,2.0,2974.46,26.8,Debit Card,7.0,3.0,4354.61
10191,2024-05-18,1204,Vishal,Delhi,Home & Kitchen,West,7.0,4159.35,12.99,Debit Card,3.0,3.0,25333.35
10192,2024-05-19,1178,Anjali,Delhi,Books,Central,1.0,492.92,16.07,Cash on Delivery,8.0,3.0,413.71
10193,2024-05-20,1062,Anjali,Bengaluru,Home & Kitchen,Central,6.0,2436.51,14.31,Net Banking,2.0,4.0,12527.07
10194,2024-05-21,1095,Rohit,Pune,Home & Kitchen,North,7.0,3187.46,11.68,Debit Card,2.0,2.0,19706.15
10195,2024-05-21,1230,,Pune,,East,5.0,4160.4,26.62,Credit Card,11.0,4.0,15264.51
10196,2024-05-22,1240,Pooja,Gurugram,Home & Kitchen,West,2.0,3939.0,26.82,UPI,10.0,5.0,5765.12
10197,2024-05-23,1051,Rohit,Ahmedabad,Electronics,,5.0,1457.64,10.07,Credit Card,3.0,2.0,6554.28
10198,2024-05-23,1095,Karan,Mumbai,Beauty,East,6.0,4710.31,18.45,Net Banking,7.0,5.0,23047.55
10199,2024-05-24,1131,Rohit,Mumbai,Beauty,West,6.0,709.29,27.81,UPI,1.0,1.0,3072.22
10200,2024-05-25,1221,Rahul,Jaipur,Sports,South,,4388.15,28.86,Credit Card,8.0,5.0,
10201,2024-05-26,1228,Rahul,Gurugram,Books,East,5.0,4857.61,15.27,Credit Card,7.0,2.0,20579.26
10202,2024-05-26,1150,Pooja,Delhi,Electronics,Central,3.0,968.05,13.58,Cash on Delivery,4.0,4.0,2509.77
10203,2024-05-27,1230,Vishal,Gurugram,Home & Kitchen,North,5.0,,8.36,Net Banking,5.0,3.0,
10204,2024-05-28,1236,Neha,Gurugram,Beauty,East,6.0,297.4,28.77,Cash on Delivery,10.0,5.0,1271.03
10205,2024-05-29,1142,Pooja,Gurugram,Electronics,East,5.0,2086.57,4.28,UPI,1.0,4.0,9986.32
10206,2024-05-29,1170,Anjali,Pune,Beauty,Central,7.0,2629.79,17.39,Cash on Delivery,4.0,2.0,15207.29
10207,2024-05-30,1028,Priya,Gurugram,Home & Kitchen,West,1.0,2945.16,8.48,Net Banking,1.0,4.0,2695.41
10208,2024-05-31,1035,Neha,,Beauty,South,3.0,4686.09,8.37,Debit Card,1.0,3.0,12881.59
10209,2024-05-31,1012,Neha,Mumbai,Books,Central,4.0,3394.03,12.15,Debit Card,10.0,4.0,11926.62
10210,2024-06-01,1159,Anjali,Jaipur,Books,South,7.0,2458.26,29.96,UPI,1.0,5.0,12052.36
10211,2024-06-02,1070,Anjali,Hyderabad,Sports,West,1.0,4067.41,1.65,Debit Card,7.0,3.0,4000.3
10212,2024-06-03,1186,Amit,Jaipur,Sports,East,4.0,4757.61,17.36,Cash on Delivery,7.0,3.0,15726.76
10213,2024-06-03,1242,Pooja,Bengaluru,Beauty,South,2.0,208.12,2.48,UPI,4.0,1.0,405.92
10214,2024-06-04,1085,Anjali,Jaipur,Electronics,North,4.0,4914.35,4.64,Net Banking,2.0,4.0,18745.3
10215,2024-06-05,1027,Rahul,Mumbai,Books,North,7.0,522.05,13.19,UPI,3.0,3.0,3172.34
10216,2024-06-06,1065,Karan,Mumbai,Electronics,Central,5.0,4090.5,15.31,UPI,8.0,3.0,17321.22
10217,2024-06-06,1169,Priya,Gurugram,Electronics,West,7.0,1473.64,7.76,Credit Card,8.0,2.0,9515.0
10218,2024-06-07,1044,Pooja,Chennai,Beauty,Central,4.0,747.68,9.49,Credit Card,11.0,3.0,2706.9
10219,2024-06-08,1061,Sneha,Bengaluru,Electronics,Central,6.0,2255.29,2.61,UPI,11.0,5.0,13178.56
10220,2024-06-09,1184,Rahul,Delhi,Books,Central,1.0,3255.39,9.1,Debit Card,6.0,3.0,2959.15
10221,2024-06-09,1244,Vishal,Kolkata,Home & Kitchen,North,1.0,1966.66,29.0,Credit Card,10.0,4.0,1396.33
10222,2024-06-10,1133,Anjali,Jaipur,Sports,North,4.0,367.37,28.34,Net Banking,9.0,4.0,1053.03
10223,2024-06-11,1027,Sneha,Chennai,Home & Kitchen,Central,1.0,3037.36,10.05,Cash on Delivery,11.0,4.0,2732.11
10224,2024-06-11,1027,Anjali,Gurugram,Electronics,North,6.0,4521.78,17.13,Credit Card,9.0,3.0,22483.19
10225,2024-06-12,1107,Neha,Pune,Home & Kitchen,West,7.0,1977.76,27.29,UPI,4.0,4.0,10066.21
10226,2024-06-13,1043,Rahul,Delhi,Books,Central,1.0,1160.03,0.19,Debit Card,1.0,5.0,1157.83
10227,2024-06-14,1083,Neha,Ahmedabad,Books,North,4.0,2268.63,24.32,Cash on Delivery,1.0,1.0,6867.6
10228,2024-06-14,1029,Amit,Chennai,Electronics,South,3.0,336.98,28.45,Credit Card,10.0,3.0,723.33
10229,2024-06-15,1189,Neha,Pune,Beauty,Central,3.0,4120.39,2.74,Debit Card,5.0,2.0,12022.47
10230,2024-06-16,1074,Amit,Bengaluru,Home & Kitchen,Central,2.0,4149.07,4.84,Debit Card,2.0,3.0,7896.51
10231,2024-06-17,1127,Amit,Gurugram,Beauty,West,1.0,2981.2,28.82,Debit Card,6.0,3.0,2122.02
10232,2024-06-17,1249,Sneha,Delhi,Beauty,East,7.0,1830.2,16.13,UPI,7.0,4.0,10744.92
10233,2024-06-18,1246,Anjali,Delhi,Clothing,East,4.0,4018.94,0.43,Net Banking,1.0,2.0,16006.63
10234,2024-06-19,1091,Vishal,Delhi,Electronics,West,1.0,2817.97,7.73,Debit Card,6.0,4.0,2600.14
10235,2024-06-19,1216,Neha,Bengaluru,Sports,West,5.0,4147.07,13.5,Cash on Delivery,8.0,4.0,17936.08
10236,2024-06-20,1230,Rahul,Jaipur,Books,West,6.0,3194.15,20.79,Credit Card,5.0,3.0,15180.52
10237,2024-06-21,1189,Amit,Ahmedabad,Books,East,1.0,3943.59,21.99,Cash on Delivery,7.0,4.0,3076.39
10238,2024-06-22,1224,Anjali,Bengaluru,Electronics,West,1.0,3032.96,29.86,UPI,10.0,3.0,2127.32
10239,2024-06-22,1128,Priya,Kolkata,Sports,North,3.0,2129.29,8.63,UPI,6.0,5.0,5836.6
10240,2024-06-23,1120,Pooja,Ahmedabad,Books,Central,6.0,4793.93,16.15,Cash on Delivery,4.0,3.0,24118.26
10241,2024-06-24,1026,Sneha,Mumbai,Electronics,Central,4.0,2751.46,16.0,Net Banking,7.0,4.0,9244.91
10242,2024-06-25,1189,Vishal,Gurugram,Books,South,1.0,3064.94,12.17,UPI,10.0,,2691.94
10243,2024-06-25,1120,Rohit,Bengaluru,Beauty,South,3.0,1180.39,5.07,UPI,9.0,3.0,3361.63
10244,2024-06-26,1115,Sneha,Pune,Home & Kitchen,Central,2.0,3165.69,29.32,Cash on Delivery,10.0,1.0,4475.02
10245,2024-06-27,1204,Priya,Ahmedabad,Home & Kitchen,North,6.0,2900.88,25.6,UPI,10.0,4.0,12949.53
10246,2024-06-28,1232,Pooja,Kolkata,Books,East,3.0,1005.71,14.95,Net Banking,7.0,3.0,2566.07
10247,2024-06-28,1002,Priya,,Clothing,East,3.0,391.98,18.1,Net Banking,5.0,,963.09
10248,2024-06-29,1102,Neha,Jaipur,,North,7.0,3061.36,6.82,Net Banking,7.0,5.0,19968.03
10249,2024-06-30,1197,Amit,Pune,Sports,East,3.0,3842.09,16.31,Credit Card,3.0,3.0,9646.34
10250,2024-06-30,1199,Vishal,Ahmedabad,Sports,West,7.0,2664.67,20.85,Net Banking,2.0,3.0,14763.6
10251,2024-07-01,1154,Karan,Gurugram,Beauty,Central,1.0,1211.19,15.46,Net Banking,11.0,3.0,1023.94
10252,2024-07-02,1136,Amit,Pune,Sports,Central,1.0,3365.96,29.71,Credit Card,5.0,3.0,2365.93
10253,2024-07-03,1061,Karan,Mumbai,Home & Kitchen,North,2.0,492.52,18.34,Debit Card,4.0,4.0,804.38
10254,2024-07-03,1164,Pooja,Pune,Beauty,East,5.0,2264.99,11.13,UPI,5.0,4.0,10064.48
10255,2024-07-04,1224,Anjali,Hyderabad,Electronics,South,5.0,900.5,,Net Banking,8.0,3.0,
10256,2024-07-05,1050,Rohit,Chennai,Sports,South,5.0,,5.11,UPI,4.0,1.0,
10257,2024-07-06,1233,Rahul,Jaipur,Sports,East,7.0,1091.24,11.54,Cash on Delivery,9.0,3.0,6757.18
10258,2024-07-06,1171,Amit,Mumbai,Electronics,South,6.0,1994.86,10.41,UPI,7.0,3.0,10723.17
10259,2024-07-07,1151,Vishal,Pune,Sports,North,6.0,350.64,12.95,Credit Card,10.0,5.0,1831.39
10260,2024-07-08,1206,Priya,Chennai,Electronics,North,2.0,2049.19,23.45,UPI,7.0,2.0,3137.31
10261,2024-07-08,1058,Vishal,Chennai,Beauty,East,6.0,2607.37,14.53,UPI,8.0,5.0,13371.11
10262,2024-07-09,1117,Pooja,Pune,Home & Kitchen,South,5.0,2468.14,23.82,UPI,6.0,4.0,9401.15
10263,2024-07-10,1159,Karan,Gurugram,Electronics,North,5.0,1975.64,17.29,Debit Card,8.0,4.0,8170.26
10264,2024-07-11,1095,Priya,Hyderabad,,North,3.0,4211.82,10.26,Debit Card,3.0,3.0,11339.06
10265,2024-07-11,1215,Rahul,Bengaluru,Electronics,West,6.0,812.1,24.3,Cash on Delivery,10.0,4.0,3688.56
10266,2024-07-12,1232,Rahul,Hyderabad,Sports,West,1.0,2577.91,7.15,Credit Card,10.0,4.0,2393.59
10267,2024-07-13,1179,Amit,Pune,Beauty,North,1.0,404.0,6.73,UPI,1.0,4.0,376.81
10268,2024-07-14,1112,Pooja,Jaipur,Books,East,3.0,448.66,15.14,UPI,6.0,3.0,1142.2
10269,2024-07-14,1061,Anjali,Bengaluru,Beauty,Central,3.0,2911.94,7.83,UPI,1.0,,8051.81
10270,2024-07-15,1240,Pooja,Mumbai,Books,Central,3.0,2873.49,0.27,UPI,9.0,4.0,8597.19
10271,2024-07-16,1185,Karan,Hyderabad,Electronics,North,1.0,,19.45,Debit Card,2.0,2.0,
10272,2024-07-17,1051,Vishal,Pune,Home & Kitchen,North,5.0,2833.58,15.33,Cash on Delivery,11.0,3.0,11995.96
10273,2024-07-17,1011,Rahul,Hyderabad,Clothing,North,3.0,4802.98,13.37,Net Banking,2.0,5.0,12482.46
10274,2024-07-18,1038,Vishal,Bengaluru,Beauty,East,2.0,338.6,29.01,Credit Card,7.0,1.0,480.74
10275,2024-07-19,1129,Vishal,Kolkata,Sports,West,7.0,580.24,17.14,UPI,2.0,3.0,3365.51
10276,2024-07-19,1130,Vishal,Ahmedabad,Books,North,3.0,315.92,25.9,Cash on Delivery,10.0,3.0,702.29
10277,2024-07-20,1112,Rahul,Hyderabad,Sports,North,7.0,1007.86,4.18,Net Banking,8.0,4.0,6760.12
10278,2024-07-21,1100,Sneha,Mumbai,Home & Kitchen,South,4.0,2752.22,17.08,Cash on Delivery,6.0,2.0,9128.56
10279,2024-07-22,1112,Neha,Mumbai,Books,East,3.0,3263.3,26.04,Debit Card,7.0,4.0,7240.61
10280,2024-07-22,1183,Karan,Delhi,Beauty,North,1.0,323.37,17.49,Net Banking,7.0,2.0,266.81
10281,2024-07-23,1080,Sneha,Hyderabad,Electronics,South,6.0,4735.26,21.54,Cash on Delivery,6.0,2.0,22291.71
10282,2024-07-24,1186,Karan,Ahmedabad,Sports,Central,3.0,4226.61,11.16,Debit Card,10.0,4.0,11264.76
10283,2024-07-25,1112,Priya,,Home & Kitchen,North,6.0,1553.4,2.77,Cash on Delivery,11.0,3.0,9062.22
10284,2024-07-25,1001,Pooja,Chennai,Beauty,North,4.0,478.22,13.74,Cash on Delivery,,5.0,1650.05
10285,2024-07-26,1129,Pooja,Ahmedabad,Beauty,South,2.0,932.45,11.83,Net Banking,9.0,1.0,1644.28
10286,2024-07-27,1219,Rohit,Chennai,Beauty,East,6.0,722.03,26.01,Debit Card,7.0,3.0,3205.38
10287,2024-07-27,1053,Pooja,Chennai,Beauty,North,7.0,704.09,7.32,UPI,9.0,2.0,4567.85
10288,2024-07-28,1086,Rahul,Kolkata,Books,Central,5.0,2640.95,29.0,Credit Card,10.0,3.0,9375.37
10289,2024-07-29,1228,Anjali,Delhi,Beauty,North,3.0,1304.65,,Net Banking,3.0,5.0,
10290,,1223,Amit,Ahmedabad,Sports,Central,4.0,1854.88,7.43,Debit Card,3.0,5.0,6868.25
10291,2024-07-30,1224,Rohit,Ahmedabad,Home & Kitchen,West,4.0,4948.58,10.44,Cash on Delivery,1.0,1.0,17727.79
10292,2024-07-31,1128,Amit,Kolkata,Books,West,6.0,3453.14,26.87,Debit Card,5.0,4.0,15151.69
10293,2024-08-01,1146,Karan,Hyderabad,Beauty,Central,,4750.01,29.0,Credit Card,4.0,,
10294,2024-08-02,1125,Amit,Hyderabad,Clothing,East,1.0,798.53,13.3,Credit Card,2.0,2.0,692.33
10295,2024-08-02,1129,Amit,Hyderabad,Clothing,North,,1972.48,9.63,UPI,9.0,2.0,
10296,2024-08-03,1052,Rohit,Jaipur,Home & Kitchen,North,4.0,2818.19,15.78,UPI,3.0,,9493.92
10297,2024-08-04,1171,Priya,Chennai,Electronics,West,2.0,476.11,20.63,Credit Card,8.0,5.0,755.78
10298,2024-08-05,1217,Vishal,Jaipur,Electronics,Central,5.0,120.52,8.2,Net Banking,6.0,5.0,553.19
10299,2024-08-05,1159,Pooja,Delhi,Books,North,4.0,3385.13,22.09,Net Banking,5.0,,10549.42
10300,2024-08-06,1197,Pooja,Kolkata,Books,North,2.0,3244.92,1.55,Cash on Delivery,1.0,4.0,6389.25
10301,2024-08-07,1159,Rahul,Ahmedabad,Books,East,1.0,2112.87,1.48,UPI,4.0,3.0,2081.6
10302,2024-08-07,1246,Rohit,Chennai,Electronics,South,1.0,2499.26,11.59,Cash on Delivery,3.0,2.0,2209.6
10303,2024-08-08,1067,Rahul,Jaipur,Clothing,West,4.0,2135.67,10.6,UPI,1.0,1.0,7637.16
10304,2024-08-09,1182,Anjali,Jaipur,Electronics,West,7.0,217.62,9.47,Credit Card,5.0,4.0,1379.08
10305,2024-08-10,1202,Anjali,Pune,Sports,South,4.0,1743.32,14.73,Net Banking,6.0,4.0,5946.12
10306,2024-08-10,1183,Rahul,Jaipur,Beauty,North,6.0,967.7,9.62,Net Banking,2.0,5.0,5247.64
10307,2024-08-11,1122,Rohit,Gurugram,Books,East,3.0,582.28,5.77,Credit Card,3.0,5.0,1646.05
10308,2024-08-12,1144,Rahul,Ahmedabad,Clothing,East,2.0,4787.93,9.28,Cash on Delivery,11.0,,8687.22
10309,2024-08-13,1037,Pooja,Gurugram,Home & Kitchen,West,4.0,3036.86,29.25,Cash on Delivery,6.0,5.0,8594.31
10310,2024-08-13,1023,Sneha,Ahmedabad,Home & Kitchen,East,3.0,3670.42,12.33,Debit Card,4.0,3.0,9653.57
10311,2024-08-14,1068,Neha,Kolkata,Beauty,South,6.0,1645.28,13.34,UPI,9.0,4.0,8554.8
10312,2024-08-15,1115,Amit,Ahmedabad,Clothing,North,3.0,2026.42,17.3,Cash on Delivery,5.0,4.0,5027.55
10313,2024-08-15,1097,,Gurugram,Electronics,South,4.0,1260.93,29.5,Credit Card,4.0,3.0,3555.82
10314,2024-08-16,1197,Rohit,Ahmedabad,Electronics,Central,1.0,575.13,7.25,Cash on Delivery,2.0,5.0,533.43
10315,2024-08-17,1213,Neha,Kolkata,Sports,West,2.0,977.26,20.44,Net Banking,6.0,5.0,1555.02
10316,2024-08-18,1138,Anjali,Kolkata,Sports,East,2.0,4007.82,,UPI,10.0,2.0,
10317,2024-08-18,1239,Karan,Delhi,Electronics,Central,1.0,3419.97,18.22,Debit Card,2.0,1.0,2796.85
10318,2024-08-19,1143,Amit,Ahmedabad,Home & Kitchen,East,7.0,,2.66,UPI,7.0,4.0,
10319,2024-08-20,1096,Vishal,Pune,Books,North,4.0,2427.94,,Net Banking,3.0,4.0,
10320,2024-08-21,1200,Rohit,Hyderabad,Home & Kitchen,,2.0,4619.93,1.92,Net Banking,9.0,5.0,9062.45
10321,2024-08-21,1123,Amit,Mumbai,Sports,North,4.0,456.4,17.88,Net Banking,11.0,3.0,1499.18
10322,2024-08-22,1186,Neha,Kolkata,Beauty,East,6.0,1474.94,22.19,Net Banking,5.0,2.0,6885.9
10323,2024-08-23,1069,Anjali,Bengaluru,Electronics,Central,4.0,1814.7,6.33,Credit Card,8.0,,6799.32
10324,2024-08-24,1207,Priya,Hyderabad,Sports,North,3.0,3933.89,25.25,Debit Card,11.0,1.0,8821.75
10325,2024-08-24,1092,Sneha,Chennai,Sports,Central,1.0,4963.32,0.91,Net Banking,6.0,1.0,4918.15
10326,2024-08-25,1002,Vishal,Ahmedabad,Books,East,7.0,1279.29,25.31,Net Banking,10.0,5.0,6688.51
10327,2024-08-26,1147,Sneha,Gurugram,Electronics,Central,4.0,4384.11,13.81,Cash on Delivery,8.0,3.0,15114.66
10328,2024-08-26,1186,Amit,Mumbai,Books,East,7.0,4170.05,6.53,,11.0,3.0,27284.22
10329,2024-08-27,1163,Anjali,Bengaluru,,East,7.0,1200.82,4.01,UPI,3.0,1.0,8068.67
10330,2024-08-28,1146,Anjali,Hyderabad,Books,West,6.0,2056.73,28.6,Debit Card,3.0,3.0,8811.03
10331,,1089,Neha,Ahmedabad,Home & Kitchen,East,5.0,2107.4,2.18,Debit Card,5.0,5.0,10307.29
10332,2024-08-29,1194,Pooja,Delhi,Beauty,East,1.0,4893.28,,Debit Card,11.0,4.0,
10333,2024-08-30,1146,Neha,Chennai,Beauty,South,7.0,986.37,10.43,Net Banking,10.0,4.0,6184.44
10334,2024-08-31,1147,Pooja,Mumbai,Electronics,North,2.0,4015.87,18.61,Net Banking,3.0,3.0,6537.03
10335,2024-09-01,1095,Pooja,Pune,Clothing,West,3.0,1737.54,16.34,Credit Card,8.0,3.0,4360.88
10336,2024-09-01,1198,Vishal,Delhi,Sports,West,2.0,3681.26,3.77,UPI,10.0,3.0,7084.95
10337,2024-09-02,1051,Neha,Bengaluru,Sports,West,6.0,2158.05,8.69,Cash on Delivery,8.0,3.0,11823.09
10338,2024-09-03,1232,Priya,Mumbai,Electronics,South,6.0,2933.96,7.16,,2.0,5.0,16343.33
10339,2024-09-03,1160,Rahul,Delhi,Books,East,2.0,4179.8,,UPI,4.0,3.0,
10340,2024-09-04,1167,Rahul,Chennai,Clothing,North,1.0,4040.41,12.33,,10.0,4.0,3542.23
10341,2024-09-05,1127,Neha,Pune,Home & Kitchen,Central,2.0,4345.47,21.12,Credit Card,1.0,2.0,6855.41
10342,2024-09-06,1038,Neha,Delhi,Books,East,4.0,392.12,6.52,Cash on Delivery,4.0,4.0,1466.22
10343,,1081,Sneha,Jaipur,Books,South,2.0,3491.05,11.0,Debit Card,11.0,5.0,6214.07
10344,2024-09-07,1103,Vishal,Pune,Electronics,East,3.0,785.94,11.73,Cash on Delivery,4.0,,2081.25
10345,2024-09-08,1128,Neha,Bengaluru,Electronics,East,3.0,2137.51,29.29,Credit Card,10.0,4.0,4534.3
10346,2024-09-09,1010,Sneha,Chennai,Sports,South,5.0,2788.08,28.64,Net Banking,9.0,5.0,9947.87
10347,2024-09-09,1219,Pooja,Ahmedabad,Electronics,West,3.0,2073.42,,UPI,3.0,4.0,
10348,2024-09-10,1184,Anjali,Gurugram,Electronics,West,2.0,2646.1,7.25,Debit Card,2.0,3.0,4908.52
10349,2024-09-11,1216,Anjali,Gurugram,Electronics,North,3.0,4982.98,2.04,Net Banking,9.0,3.0,14643.98
10350,,1177,Pooja,Gurugram,Sports,North,1.0,762.56,9.51,,9.0,,690.04
10351,2024-09-12,1150,Rohit,Mumbai,Home & Kitchen,West,7.0,,8.0,,1.0,4.0,
10352,2024-09-13,1158,Sneha,Bengaluru,Home & Kitchen,Central,3.0,2040.4,15.18,UPI,6.0,3.0,5192.0
10353,2024-09-14,1221,Sneha,Chennai,Electronics,East,4.0,751.75,23.33,Debit Card,10.0,,2305.47
10354,2024-09-14,1041,Pooja,Pune,Sports,Central,1.0,877.81,25.75,Net Banking,8.0,5.0,651.77
10355,,1098,,Mumbai,Home & Kitchen,East,5.0,4751.44,25.35,Net Banking,3.0,2.0,17734.75
10356,2024-09-16,1006,Karan,Bengaluru,Books,West,4.0,4410.05,10.79,UPI,11.0,3.0,15736.82
10357,2024-09-17,1143,Amit,Ahmedabad,Home & Kitchen,North,2.0,4544.51,20.62,Cash on Delivery,9.0,1.0,7214.86
10358,2024-09-17,1089,Pooja,Jaipur,Home & Kitchen,North,7.0,4958.51,9.39,Credit Card,2.0,5.0,31450.34
10359,2024-09-18,1111,Neha,Chennai,Sports,Central,2.0,1120.75,1.83,Cash on Delivery,6.0,2.0,2200.48
10360,2024-09-19,1248,Neha,Gurugram,Books,North,7.0,1841.65,21.05,Cash on Delivery,1.0,4.0,10177.88
10361,2024-09-20,1243,Vishal,Delhi,Sports,West,7.0,3379.17,0.29,Cash on Delivery,7.0,1.0,23585.59
10362,2024-09-20,1059,Pooja,Chennai,Electronics,Central,2.0,2470.63,12.28,UPI,3.0,4.0,4334.47
10363,2024-09-21,1112,Vishal,Kolkata,Beauty,East,4.0,2150.11,9.88,UPI,7.0,5.0,7750.72
10364,2024-09-22,1001,Pooja,Bengaluru,Home & Kitchen,North,4.0,1853.28,20.8,Credit Card,4.0,3.0,5871.19
10365,2024-09-22,1128,Sneha,Hyderabad,Beauty,South,7.0,,22.99,Cash on Delivery,9.0,4.0,
10366,2024-09-23,1047,Amit,Ahmedabad,Sports,North,4.0,2920.41,9.12,UPI,5.0,3.0,10616.27
10367,2024-09-24,1139,Sneha,Jaipur,Sports,East,7.0,891.14,24.35,Credit Card,3.0,3.0,4719.03
10368,2024-09-25,1196,Karan,Ahmedabad,Sports,Central,,2411.53,8.82,Credit Card,8.0,5.0,
10369,2024-09-25,1036,Anjali,Chennai,Beauty,East,1.0,2812.01,13.39,Cash on Delivery,6.0,3.0,2435.48
10370,2024-09-26,1159,Rahul,Hyderabad,Sports,South,6.0,2894.41,21.81,Debit Card,2.0,4.0,13578.84
10371,2024-09-27,1246,Pooja,Kolkata,Electronics,West,1.0,1129.53,20.79,Cash on Delivery,3.0,2.0,894.7
10372,2024-09-28,1008,Karan,Pune,Sports,North,2.0,3737.13,29.62,Debit Card,8.0,3.0,5260.38
10373,2024-09-28,1232,Anjali,Delhi,Clothing,Central,6.0,223.48,6.75,Credit Card,10.0,3.0,1250.37
10374,2024-09-29,1098,Rohit,Hyderabad,Beauty,West,3.0,1838.68,19.87,UPI,7.0,4.0,4420.0
10375,2024-09-30,1146,Amit,Bengaluru,Clothing,East,2.0,3923.04,18.29,Net Banking,10.0,3.0,6411.03
10376,2024-10-01,1047,Vishal,Gurugram,Sports,Central,5.0,2863.08,27.45,Credit Card,6.0,4.0,10385.82
10377,2024-10-01,1207,Vishal,Kolkata,Electronics,West,1.0,1379.7,4.69,UPI,1.0,2.0,1314.99
10378,2024-10-02,1130,,Delhi,Home & Kitchen,Central,4.0,3505.27,22.55,Credit Card,9.0,1.0,10859.33
10379,2024-10-03,1147,Neha,Jaipur,Books,South,1.0,2880.22,17.05,Cash on Delivery,3.0,4.0,2389.14
10380,2024-10-03,1151,Anjali,Gurugram,,South,4.0,4001.59,8.24,Debit Card,5.0,5.0,14687.44
10381,2024-10-04,1053,Rohit,Chennai,Sports,North,6.0,3701.62,14.23,Credit Card,7.0,1.0,19049.28
10382,2024-10-05,1119,Karan,Hyderabad,Electronics,North,5.0,3089.53,10.01,UPI,7.0,4.0,13901.34
10383,2024-10-06,1160,Amit,Delhi,Beauty,South,6.0,2492.07,17.38,Cash on Delivery,3.0,3.0,12353.69
10384,2024-10-06,1151,Anjali,Mumbai,Clothing,Central,5.0,752.59,26.67,Net Banking,4.0,4.0,2759.37
10385,2024-10-07,1115,Rohit,Pune,Clothing,South,1.0,1380.53,17.08,Cash on Delivery,10.0,5.0,1144.74
10386,2024-10-08,1074,Rahul,Pune,Clothing,North,4.0,2153.59,18.95,,7.0,5.0,6981.94
10387,2024-10-09,1112,Pooja,Kolkata,Beauty,South,,3036.57,15.56,Cash on Delivery,8.0,4.0,
10388,2024-10-09,1199,Vishal,Jaipur,Books,South,5.0,2617.17,1.53,Net Banking,2.0,3.0,12885.64
10389,2024-10-10,1163,Karan,Kolkata,Electronics,Central,7.0,1512.1,6.99,UPI,9.0,,9844.83
10390,,1165,Vishal,Mumbai,Beauty,West,2.0,131.68,14.76,Credit Card,7.0,4.0,224.49
10391,2024-10-11,1103,Karan,Bengaluru,Clothing,North,2.0,2531.57,,Debit Card,8.0,1.0,
10392,2024-10-12,1083,Sneha,Jaipur,,Central,6.0,1499.57,5.45,Net Banking,6.0,3.0,8507.06
10393,2024-10-13,1226,Neha,Ahmedabad,Home & Kitchen,South,4.0,3699.58,15.12,Debit Card,6.0,5.0,12560.81
10394,2024-10-14,1111,Karan,Bengaluru,Beauty,South,7.0,217.34,9.68,Cash on Delivery,9.0,5.0,1374.11
10395,2024-10-14,1216,Vishal,Jaipur,Beauty,West,6.0,,7.74,Debit Card,4.0,2.0,
10396,2024-10-15,1098,Sneha,Jaipur,Electronics,North,1.0,4713.22,13.92,Net Banking,11.0,4.0,4057.14
10397,2024-10-16,1152,Karan,Mumbai,Electronics,North,5.0,954.61,4.0,Credit Card,11.0,5.0,4582.13
10398,2024-10-17,1092,Rahul,Chennai,Beauty,East,1.0,2411.08,27.83,Credit Card,5.0,3.0,1740.08
10399,2024-10-17,1145,Neha,Mumbai,Clothing,North,2.0,547.97,26.03,Debit Card,9.0,3.0,810.67
10400,2024-10-18,1127,Karan,Jaipur,Home & Kitchen,West,5.0,3165.84,21.23,UPI,1.0,4.0,12468.66
10401,2024-10-19,1109,Sneha,Delhi,Electronics,East,6.0,2797.61,3.19,Debit Card,4.0,3.0,16250.2
10402,2024-10-20,1081,Anjali,Bengaluru,Clothing,East,1.0,2096.09,23.28,Cash on Delivery,7.0,2.0,1608.12
10403,2024-10-20,1193,Priya,Mumbai,Sports,South,3.0,2654.75,24.24,Credit Card,11.0,4.0,6033.72
10404,,1053,Rohit,Chennai,Electronics,South,4.0,4493.22,23.03,Credit Card,9.0,5.0,13833.73
10405,2024-10-22,1162,Priya,Hyderabad,Clothing,North,7.0,1061.84,3.42,Credit Card,11.0,4.0,7178.68
10406,2024-10-22,1207,,Kolkata,Clothing,East,7.0,210.57,19.32,UPI,10.0,4.0,1189.22
10407,2024-10-23,1188,Amit,Jaipur,Home & Kitchen,South,4.0,4322.16,25.03,UPI,6.0,3.0,12961.29
10408,2024-10-24,1168,Rahul,Ahmedabad,Home & Kitchen,West,3.0,2927.87,17.32,Net Banking,8.0,,7262.29
10409,2024-10-25,1227,Anjali,Hyderabad,Sports,South,2.0,4464.23,19.39,Debit Card,9.0,4.0,7197.23
10410,2024-10-25,1160,Pooja,Pune,Clothing,South,5.0,3025.03,13.75,Debit Card,10.0,,13045.44
10411,2024-10-26,1067,Karan,Gurugram,Books,East,4.0,4069.79,15.86,Cash on Delivery,4.0,5.0,13697.29
10412,2024-10-27,1032,Rohit,Chennai,Clothing,East,3.0,2205.4,1.03,Credit Card,1.0,2.0,6548.05
10413,2024-10-28,1141,Neha,Ahmedabad,Home & Kitchen,Central,6.0,3774.31,19.17,UPI,8.0,3.0,18304.65
10414,2024-10-28,1020,Anjali,Gurugram,Books,West,7.0,4573.9,2.44,Cash on Delivery,2.0,3.0,31236.08
10415,2024-10-29,1047,Vishal,Chennai,Electronics,East,3.0,2903.4,13.05,Cash on Delivery,11.0,5.0,7573.52
10416,2024-10-30,1147,Pooja,Delhi,Electronics,North,2.0,985.85,8.78,UPI,1.0,2.0,1798.58
10417,2024-10-30,1247,Amit,Kolkata,Beauty,West,2.0,1417.11,,Debit Card,7.0,1.0,
10418,2024-10-31,1127,Amit,Hyderabad,Home & Kitchen,West,1.0,1073.36,4.0,Credit Card,10.0,3.0,1030.43
10419,2024-11-01,1135,Anjali,Bengaluru,Beauty,East,4.0,1309.6,20.75,,9.0,5.0,4151.43
10420,2024-11-02,1134,Sneha,Chennai,Books,West,1.0,1601.44,23.85,Cash on Delivery,11.0,2.0,1219.5
10421,2024-11-02,1194,Priya,Bengaluru,Home & Kitchen,East,7.0,2820.16,4.9,Credit Card,9.0,3.0,18773.81
10422,2024-11-03,1144,Vishal,Kolkata,Sports,South,3.0,2981.16,3.13,Net Banking,3.0,2.0,8663.55
10423,2024-11-04,1127,Amit,Jaipur,Clothing,Central,5.0,2189.85,4.37,Cash on Delivery,6.0,4.0,10470.77
10424,2024-11-05,1032,Rohit,Pune,Sports,South,5.0,3115.56,26.31,Debit Card,7.0,1.0,11479.28
10425,2024-11-05,1175,Amit,Hyderabad,Books,East,2.0,499.72,15.85,Debit Card,10.0,,841.03
10426,2024-11-06,1203,Neha,Kolkata,Home & Kitchen,East,5.0,530.16,14.02,Debit Card,9.0,3.0,2279.16
10427,2024-11-07,1186,Karan,Kolkata,Books,South,5.0,941.96,3.2,UPI,2.0,4.0,4559.09
10428,2024-11-08,1114,Amit,Delhi,Clothing,North,,2638.58,19.49,Cash on Delivery,8.0,,
10429,2024-11-08,1213,Neha,Gurugram,Electronics,North,5.0,1148.57,26.04,Credit Card,7.0,4.0,4247.41
10430,2024-11-09,1118,Anjali,Pune,Electronics,North,3.0,1488.09,,Debit Card,4.0,5.0,
10431,2024-11-10,1021,Anjali,Hyderabad,Books,East,5.0,2061.53,18.78,Debit Card,2.0,,8371.87
10432,2024-11-10,1237,Pooja,Jaipur,Beauty,West,6.0,4078.14,2.26,UPI,8.0,,23915.84
10433,2024-11-11,1157,Amit,Jaipur,Home & Kitchen,East,5.0,167.92,3.37,Credit Card,11.0,4.0,811.31
10434,2024-11-12,1037,Rohit,Mumbai,Home & Kitchen,West,5.0,3281.96,1.48,Cash on Delivery,5.0,4.0,16166.93
10435,2024-11-13,1229,Amit,,Electronics,South,1.0,3377.5,7.72,Net Banking,6.0,5.0,3116.76
10436,2024-11-13,1108,Rohit,Chennai,Sports,Central,3.0,4013.41,4.07,UPI,11.0,3.0,11550.19
10437,2024-11-14,1050,Rahul,Delhi,Clothing,West,2.0,4670.49,7.8,Cash on Delivery,7.0,4.0,8612.38
10438,2024-11-15,1181,Pooja,Pune,Sports,,1.0,198.68,11.55,Net Banking,10.0,3.0,175.73
10439,2024-11-16,1007,Rahul,Jaipur,Sports,East,4.0,853.54,28.29,Debit Card,1.0,5.0,2448.29
10440,2024-11-16,1026,Amit,Hyderabad,Books,South,3.0,4442.24,18.31,Debit Card,8.0,2.0,10886.6
10441,2024-11-17,1026,Pooja,Mumbai,Electronics,North,6.0,2346.74,25.05,Credit Card,4.0,3.0,10553.29
10442,2024-11-18,1225,Rahul,Hyderabad,Electronics,South,3.0,2866.49,21.31,Net Banking,9.0,3.0,6766.92
10443,2024-11-18,1020,Priya,Delhi,Electronics,Central,4.0,3348.83,,Debit Card,1.0,3.0,
10444,2024-11-19,1029,Amit,Chennai,Books,East,4.0,3427.43,22.08,Debit Card,11.0,,10682.61
10445,2024-11-20,1096,Rahul,Mumbai,,East,4.0,4665.53,8.25,Credit Card,2.0,2.0,17122.5
10446,2024-11-21,1027,Priya,Mumbai,Sports,Central,7.0,4985.05,19.17,Cash on Delivery,6.0,,28205.91
10447,2024-11-21,1110,Priya,Gurugram,Books,East,2.0,3628.77,10.23,Debit Card,11.0,5.0,6515.09
10448,2024-11-22,1191,Anjali,Pune,Home & Kitchen,West,5.0,1507.38,29.93,UPI,10.0,3.0,5281.11
10449,2024-11-23,1224,Amit,Mumbai,Clothing,South,3.0,4410.79,7.91,UPI,11.0,4.0,12185.69
10450,2024-11-24,1196,Priya,Gurugram,Beauty,North,7.0,341.18,8.37,Cash on Delivery,1.0,2.0,2188.36
10451,2024-11-24,1060,Anjali,Gurugram,Home & Kitchen,Central,,1232.3,27.92,Net Banking,4.0,3.0,
10452,2024-11-25,1047,Rahul,Delhi,Sports,West,5.0,4497.19,,Credit Card,8.0,,
10453,2024-11-26,1146,Neha,Bengaluru,Electronics,North,6.0,1355.34,20.9,UPI,10.0,4.0,6432.44
10454,2024-11-27,1003,Amit,Hyderabad,Sports,North,4.0,1181.19,21.76,UPI,5.0,3.0,3696.65
10455,2024-11-27,1034,Pooja,Chennai,Books,Central,2.0,776.81,25.09,Cash on Delivery,9.0,5.0,1163.82
10456,2024-11-28,1191,Rohit,Ahmedabad,Clothing,West,6.0,4309.65,29.23,Net Banking,11.0,5.0,18299.64
10457,2024-11-29,1048,Rohit,Hyderabad,Books,North,1.0,2550.29,29.27,Net Banking,11.0,5.0,1803.82
10458,2024-11-29,1016,Rahul,Mumbai,Beauty,North,7.0,3406.98,1.96,Cash on Delivery,6.0,3.0,23381.42
10459,2024-11-30,1171,,Chennai,,West,7.0,1271.43,24.66,UPI,1.0,2.0,6705.27
10460,2024-12-01,1219,Sneha,Jaipur,Clothing,East,2.0,3814.4,19.39,Credit Card,6.0,4.0,6149.58
10461,2024-12-02,1157,Rahul,Bengaluru,Home & Kitchen,North,5.0,3824.03,19.42,UPI,6.0,4.0,15407.02
10462,2024-12-02,1220,Priya,Jaipur,Home & Kitchen,South,7.0,1631.73,3.85,Net Banking,6.0,2.0,10982.36
10463,2024-12-03,1045,Amit,Jaipur,Beauty,West,2.0,2112.34,19.51,UPI,8.0,4.0,3400.44
10464,2024-12-04,1116,Rohit,Pune,Beauty,North,7.0,1127.48,29.47,Credit Card,6.0,1.0,5566.48
10465,2024-12-05,1005,Rohit,Hyderabad,Electronics,Central,7.0,4885.15,27.35,,5.0,3.0,24843.43
10466,2024-12-05,1098,Priya,Ahmedabad,Home & Kitchen,South,4.0,3263.45,13.17,UPI,11.0,,11334.61
10467,2024-12-06,1123,Rohit,Delhi,Clothing,North,1.0,4679.27,1.2,Cash on Delivery,2.0,4.0,4623.12
10468,2024-12-07,1232,Pooja,Ahmedabad,Home & Kitchen,South,4.0,1586.59,10.87,Debit Card,4.0,3.0,5656.51
10469,2024-12-07,1036,Amit,Jaipur,Electronics,South,1.0,3931.27,24.79,Cash on Delivery,10.0,5.0,2956.71
10470,2024-12-08,1023,Karan,Mumbai,Books,East,7.0,3852.71,21.04,Cash on Delivery,5.0,,21294.7
10471,2024-12-09,1092,Rohit,Bengaluru,Beauty,South,6.0,3489.11,13.78,Cash on Delivery,10.0,4.0,18049.86
10472,2024-12-10,1240,Rahul,Kolkata,Beauty,East,5.0,4831.63,1.65,UPI,4.0,5.0,23759.54
10473,2024-12-10,1045,Pooja,Ahmedabad,Electronics,West,7.0,2028.42,12.81,Net Banking,2.0,4.0,12380.06
10474,2024-12-11,1180,Rohit,Jaipur,Clothing,East,1.0,740.51,14.07,Debit Card,7.0,5.0,636.32
10475,2024-12-12,1094,Pooja,Bengaluru,Beauty,Central,1.0,3391.37,27.86,Credit Card,10.0,1.0,2446.53
10476,2024-12-13,1098,Anjali,Chennai,Sports,North,1.0,3673.62,19.23,Net Banking,10.0,,2967.18
10477,2024-12-13,1187,Karan,Hyderabad,,West,7.0,,9.35,UPI,2.0,2.0,
10478,2024-12-14,1224,Vishal,Gurugram,Sports,West,2.0,1113.41,15.76,Cash on Delivery,1.0,3.0,1875.87
10479,2024-12-15,1115,Rahul,Pune,Electronics,Central,6.0,2571.83,1.98,Credit Card,5.0,5.0,15125.45
10480,2024-12-16,1190,Rahul,Bengaluru,Electronics,East,2.0,1629.73,29.18,Debit Card,1.0,1.0,2308.35
10481,2024-12-16,1212,Amit,Mumbai,Beauty,North,5.0,2194.59,10.8,Net Banking,1.0,4.0,9787.87
10482,2024-12-17,1159,Pooja,Mumbai,Home & Kitchen,East,7.0,3261.57,14.34,Net Banking,1.0,4.0,19557.03
10483,2024-12-18,1214,Priya,Bengaluru,Sports,South,1.0,3751.55,10.66,Credit Card,,4.0,3351.63
10484,2024-12-18,1160,Rahul,Mumbai,Clothing,East,6.0,1237.9,20.48,UPI,9.0,,5906.27
10485,2024-12-19,1066,Pooja,Hyderabad,Beauty,,6.0,2086.09,19.87,Debit Card,10.0,4.0,10029.5
10486,2024-12-20,1127,Pooja,Mumbai,Clothing,North,3.0,1418.89,21.46,Credit Card,11.0,2.0,3343.19
10487,2024-12-21,1017,Neha,Ahmedabad,Beauty,East,5.0,1073.29,8.04,Cash on Delivery,1.0,3.0,4934.99
10488,2024-12-21,1024,Neha,Gurugram,Home & Kitchen,North,6.0,3938.6,9.47,Debit Card,5.0,4.0,21393.69
10489,2024-12-22,1233,Vishal,Mumbai,Home & Kitchen,North,7.0,4555.34,3.76,Net Banking,9.0,4.0,30688.41
10490,2024-12-23,1222,Anjali,Gurugram,Home & Kitchen,South,1.0,1914.14,19.67,Credit Card,9.0,3.0,1537.63
10491,2024-12-24,1053,Vishal,Jaipur,Books,South,1.0,3781.27,1.19,Net Banking,1.0,5.0,3736.27
10492,,1057,Rohit,Delhi,Home & Kitchen,West,6.0,4495.28,17.93,,8.0,3.0,22135.66
10493,2024-12-25,1066,Priya,Hyderabad,Electronics,Central,2.0,4246.01,26.09,Net Banking,1.0,3.0,6276.45
10494,2024-12-26,1103,Rohit,Delhi,Electronics,North,5.0,995.79,26.72,UPI,8.0,1.0,3648.57
10495,2024-12-26,1173,Sneha,Jaipur,Books,Central,1.0,4785.83,,Net Banking,1.0,4.0,
10496,2024-12-27,1023,Rohit,Hyderabad,Sports,West,6.0,1945.71,13.78,Cash on Delivery,5.0,4.0,10065.55
10497,2024-12-28,1113,Amit,Bengaluru,Clothing,North,1.0,1762.28,2.31,Cash on Delivery,8.0,2.0,1721.57
10498,2024-12-29,1031,Rohit,Bengaluru,Beauty,North,6.0,405.91,20.12,Debit Card,6.0,3.0,1945.45
10499,2024-12-29,1174,Vishal,Gurugram,,Central,5.0,2482.25,24.64,Net Banking,9.0,4.0,9353.12
10500,2024-12-30,1085,Rahul,Jaipur,Books,East,,634.17,,Net Banking,1.0,3.0,
10501,2024-12-31,1150,Rahul,Gurugram,Electronics,South,3.0,1317.85,12.64,Credit Card,9.0,3.0,3453.82
10502,2025-01-01,1193,Neha,Pune,Beauty,East,6.0,1653.02,25.17,UPI,1.0,4.0,7421.73
10503,2025-01-01,1126,Priya,Mumbai,Electronics,Central,6.0,4063.25,26.31,Debit Card,10.0,,17965.25
10504,2025-01-02,1154,,Kolkata,Sports,South,7.0,4389.89,7.3,Net Banking,10.0,5.0,28486.0
10505,2025-01-03,1233,Amit,Pune,Clothing,East,5.0,1582.08,16.52,Credit Card,3.0,2.0,6603.6
10506,2025-01-04,1129,Vishal,Mumbai,Sports,South,7.0,4307.62,5.77,UPI,1.0,4.0,28413.49
10507,2025-01-04,1217,Neha,Hyderabad,Books,North,6.0,4300.43,3.06,Debit Card,3.0,3.0,25013.02
10508,2025-01-05,1016,Sneha,Gurugram,Home & Kitchen,East,5.0,3846.79,27.33,Debit Card,11.0,5.0,13977.31
10509,2025-01-06,1103,Priya,Hyderabad,Home & Kitchen,South,3.0,818.81,24.62,Net Banking,2.0,2.0,1851.66
10510,2025-01-06,1160,,Hyderabad,Home & Kitchen,South,5.0,3482.58,22.8,Debit Card,2.0,4.0,13442.76
10511,2025-01-07,1136,Rohit,Mumbai,Sports,South,1.0,4730.62,1.46,Credit Card,9.0,4.0,4661.55
10512,2025-01-08,1042,Rohit,Jaipur,Beauty,East,7.0,3444.45,25.31,Debit Card,8.0,3.0,18008.62
10513,2025-01-09,1245,Neha,Mumbai,Clothing,West,5.0,1724.92,13.14,,1.0,3.0,7491.33
10514,2025-01-09,1175,Vishal,Chennai,Home & Kitchen,East,3.0,2552.84,10.27,Credit Card,4.0,4.0,6871.99
10515,2025-01-10,1038,Vishal,Bengaluru,Books,Central,4.0,3264.05,16.39,UPI,1.0,5.0,10916.29
10516,2025-01-11,1220,Anjali,Bengaluru,Books,East,6.0,2601.8,2.74,UPI,1.0,2.0,15183.06
10517,2025-01-12,1169,Karan,Pune,Home & Kitchen,South,5.0,687.77,22.7,Net Banking,4.0,1.0,2658.23
10518,2025-01-12,1246,Priya,Bengaluru,Home & Kitchen,North,6.0,1629.11,17.47,Net Banking,2.0,5.0,8067.03
10519,2025-01-13,1025,Vishal,Mumbai,Clothing,East,2.0,4031.74,5.6,Cash on Delivery,3.0,,7611.93
10520,2025-01-14,1098,Rahul,Ahmedabad,Home & Kitchen,East,1.0,4320.95,5.65,UPI,11.0,5.0,4076.82
10521,2025-01-14,1049,Neha,Gurugram,Clothing,South,7.0,772.77,5.53,UPI,9.0,4.0,5110.25
10522,2025-01-15,1152,Sneha,Mumbai,Books,North,1.0,4766.7,1.71,UPI,2.0,,4685.19
10523,2025-01-16,1151,Anjali,Mumbai,Home & Kitchen,North,2.0,1711.23,17.63,UPI,4.0,2.0,2819.08
10524,2025-01-17,1012,Pooja,Kolkata,Sports,Central,2.0,3345.34,25.21,Debit Card,1.0,3.0,5003.96
10525,2025-01-17,1059,Amit,Gurugram,Sports,East,7.0,3783.94,,Credit Card,2.0,4.0,
10526,2025-01-18,1249,Sneha,Chennai,Books,North,5.0,4078.54,1.47,,5.0,5.0,20092.93
10527,2025-01-19,1134,Pooja,Bengaluru,Clothing,North,2.0,4734.17,17.18,Cash on Delivery,10.0,5.0,7841.68
10528,2025-01-20,1056,Rohit,,Sports,West,4.0,1633.31,24.58,Debit Card,1.0,2.0,4927.37
10529,2025-01-20,1035,Amit,Bengaluru,Clothing,West,6.0,4306.68,9.8,UPI,11.0,2.0,23307.75
10530,2025-01-21,1172,Priya,Pune,Sports,North,6.0,745.27,10.49,UPI,7.0,1.0,4002.55
10531,2025-01-22,1019,Rahul,Gurugram,Sports,Central,3.0,3554.7,17.89,Net Banking,4.0,5.0,8756.29
10532,2025-01-23,1064,Amit,Bengaluru,,North,2.0,3735.69,8.23,Net Banking,6.0,3.0,6856.49
10533,2025-01-23,1007,Karan,Chennai,Beauty,South,2.0,3420.84,0.8,Cash on Delivery,8.0,1.0,6786.95
10534,,1237,Pooja,Delhi,Sports,East,,1336.34,22.06,UPI,6.0,2.0,
10535,2025-01-25,1143,Priya,Hyderabad,Home & Kitchen,Central,1.0,4377.91,18.77,Cash on Delivery,2.0,3.0,3556.18
10536,2025-01-25,1141,Karan,Hyderabad,Books,South,1.0,927.41,17.42,Debit Card,,5.0,765.86
10537,2025-01-26,1203,Rohit,Chennai,Beauty,Central,6.0,362.81,22.25,Credit Card,8.0,4.0,1692.51
10538,,1114,Karan,Kolkata,Clothing,South,6.0,3615.58,20.26,UPI,8.0,2.0,17298.38
10539,2025-01-28,1214,Anjali,Delhi,Beauty,East,5.0,2429.83,6.18,Debit Card,9.0,3.0,11398.33
10540,2025-01-28,1142,Anjali,Pune,Electronics,East,7.0,4260.58,10.57,UPI,6.0,3.0,26671.66
10541,2025-01-29,1091,Neha,Chennai,Electronics,West,4.0,1978.65,3.78,Net Banking,1.0,1.0,7615.43
10542,2025-01-30,1097,Sneha,Hyderabad,,South,7.0,924.57,3.9,Cash on Delivery,9.0,2.0,6219.58
10543,2025-01-31,1065,Sneha,Hyderabad,Sports,West,7.0,4198.57,20.29,Net Banking,3.0,4.0,23426.76
10544,,1031,Priya,Hyderabad,Home & Kitchen,South,3.0,2789.66,25.76,Credit Card,11.0,2.0,6213.13
10545,2025-02-01,1214,Rohit,Jaipur,Books,West,7.0,1027.06,28.88,Net Banking,6.0,3.0,5113.12
10546,2025-02-02,1190,Vishal,Chennai,Beauty,East,3.0,,18.85,UPI,10.0,3.0,
10547,2025-02-02,1085,Anjali,Mumbai,Electronics,Central,7.0,2604.46,5.52,Net Banking,10.0,4.0,17224.86
10548,2025-02-03,1050,Priya,Pune,Sports,West,4.0,3061.13,3.17,UPI,11.0,4.0,11856.37
10549,2025-02-04,1152,Vishal,Hyderabad,Books,South,3.0,2358.4,,Credit Card,9.0,4.0,
10550,2025-02-05,1185,Sneha,Bengaluru,Beauty,South,1.0,4160.67,17.36,Net Banking,11.0,4.0,3438.38
10551,2025-02-05,1062,Neha,Chennai,Sports,East,3.0,4164.86,18.55,Cash on Delivery,3.0,4.0,10176.84
10552,2025-02-06,1189,Karan,Jaipur,Sports,South,3.0,3576.01,23.44,,5.0,1.0,8213.38
10553,2025-02-07,1124,Anjali,Chennai,Electronics,North,4.0,616.47,21.1,Cash on Delivery,5.0,5.0,1945.58
10554,2025-02-08,1149,Priya,Pune,Electronics,Central,4.0,4210.38,25.03,Net Banking,,2.0,12626.09
10555,2025-02-08,1057,Amit,Jaipur,Sports,,3.0,3387.96,1.69,Net Banking,7.0,3.0,9992.11
10556,2025-02-09,1057,Vishal,Pune,Clothing,Central,2.0,3515.42,22.43,Net Banking,4.0,4.0,5453.82
10557,2025-02-10,1085,Karan,Chennai,Sports,East,4.0,1878.62,25.53,UPI,11.0,3.0,5596.03
10558,2025-02-11,1048,Anjali,Mumbai,Books,West,5.0,4408.47,8.58,Credit Card,4.0,5.0,20151.12
10559,2025-02-11,1179,Sneha,Pune,Sports,West,5.0,3654.32,19.21,Cash on Delivery,,3.0,14761.63
10560,2025-02-12,1169,Rohit,Jaipur,Home & Kitchen,North,,651.69,9.42,UPI,9.0,5.0,
10561,2025-02-13,1069,Vishal,Jaipur,Home & Kitchen,East,7.0,2098.11,28.74,Cash on Delivery,11.0,5.0,10465.79
10562,2025-02-13,1014,Sneha,Pune,Home & Kitchen,South,3.0,4443.26,1.0,UPI,4.0,5.0,13196.48
10563,2025-02-14,1053,Anjali,Ahmedabad,Clothing,North,2.0,331.26,17.39,Net Banking,4.0,5.0,547.31
10564,2025-02-15,1234,Vishal,Chennai,Clothing,North,1.0,4810.94,5.0,Cash on Delivery,6.0,,4570.39
10565,2025-02-16,1187,Karan,Ahmedabad,Sports,Central,3.0,3427.9,21.37,Net Banking,6.0,4.0,8086.07
10566,2025-02-16,1100,Anjali,Kolkata,Home & Kitchen,Central,4.0,3193.74,5.28,Cash on Delivery,,3.0,12100.44
10567,2025-02-17,1224,Pooja,Chennai,Clothing,Central,5.0,1425.74,7.06,Debit Card,1.0,2.0,6625.41
10568,2025-02-18,1007,Priya,Pune,Electronics,North,6.0,1319.08,14.83,UPI,11.0,4.0,6740.76
10569,2025-02-19,1052,Karan,Delhi,Sports,South,2.0,4716.09,,Debit Card,3.0,5.0,
10570,2025-02-19,1059,Vishal,Pune,Books,West,6.0,1561.54,6.35,UPI,9.0,4.0,8774.29
10571,2025-02-20,1235,Rohit,Ahmedabad,Beauty,Central,5.0,3899.98,4.33,Credit Card,6.0,5.0,18655.55
10572,2025-02-21,1107,Sneha,Mumbai,Sports,South,7.0,2026.3,22.77,Cash on Delivery,6.0,5.0,10954.38
10573,2025-02-21,1004,Amit,Pune,Beauty,East,7.0,782.34,15.02,Credit Card,5.0,2.0,4653.83
10574,2025-02-22,1102,Sneha,Pune,Home & Kitchen,Central,6.0,152.5,27.35,Credit Card,11.0,3.0,664.75
10575,2025-02-23,1195,Vishal,Mumbai,Beauty,West,4.0,2766.86,4.4,UPI,3.0,3.0,10580.47
10576,2025-02-24,1005,Sneha,Pune,Home & Kitchen,East,3.0,4881.32,19.38,Debit Card,11.0,2.0,11805.96
10577,2025-02-24,1108,Priya,Hyderabad,Electronics,East,4.0,1908.77,6.99,Net Banking,5.0,4.0,7101.39
10578,2025-02-25,1223,Anjali,Delhi,Beauty,,6.0,1850.24,4.7,UPI,1.0,5.0,10579.67
10579,2025-02-26,1115,Amit,Bengaluru,Sports,Central,4.0,1786.05,20.5,Net Banking,3.0,4.0,5679.64
10580,2025-02-27,1093,Rahul,Delhi,Home & Kitchen,North,5.0,2650.66,17.81,Credit Card,4.0,3.0,10892.89
10581,2025-02-27,1046,Vishal,Pune,Sports,West,2.0,2259.26,22.64,Net Banking,5.0,1.0,3495.53
10582,2025-02-28,1098,Neha,Hyderabad,Clothing,West,4.0,4411.58,9.28,Debit Card,10.0,3.0,16008.74
10583,2025-03-01,1054,Rahul,Chennai,Home & Kitchen,West,5.0,2577.05,13.44,UPI,9.0,4.0,11153.47
10584,2025-03-02,1167,Sneha,Pune,Beauty,East,2.0,2588.01,12.16,Debit Card,,3.0,4546.62
10585,2025-03-02,1051,Vishal,Ahmedabad,Home & Kitchen,South,7.0,778.02,29.52,Debit Card,3.0,2.0,3838.44
10586,2025-03-03,1143,Pooja,Hyderabad,Sports,North,3.0,4915.42,8.77,UPI,10.0,3.0,13453.01
10587,2025-03-04,1012,,Mumbai,Electronics,Central,6.0,1324.87,8.84,Debit Card,1.0,3.0,7246.51
10588,2025-03-04,1113,Amit,Hyderabad,Home & Kitchen,Central,7.0,459.48,10.64,Cash on Delivery,10.0,5.0,2874.14
10589,2025-03-05,1123,Rohit,Mumbai,Beauty,South,3.0,3349.42,16.94,,6.0,2.0,8346.08
10590,2025-03-06,1105,Pooja,Kolkata,Clothing,West,7.0,3017.3,7.57,Cash on Delivery,7.0,1.0,19522.23
10591,2025-03-07,1157,Rahul,Bengaluru,Books,North,1.0,2134.21,27.46,Net Banking,10.0,1.0,1548.16
10592,2025-03-07,1146,Anjali,Gurugram,Electronics,Central,7.0,2168.74,7.97,Debit Card,8.0,,13971.24
10593,2025-03-08,1144,Priya,Hyderabad,Clothing,Central,5.0,3946.81,26.87,UPI,1.0,4.0,14431.51
10594,2025-03-09,1119,Rohit,Jaipur,Home & Kitchen,West,2.0,1058.99,3.1,UPI,4.0,4.0,2052.32
10595,2025-03-10,1062,Pooja,Ahmedabad,Sports,South,7.0,4119.24,19.7,Net Banking,,3.0,23154.25
10596,2025-03-10,1018,Anjali,Pune,Sports,North,4.0,3278.86,27.21,UPI,5.0,4.0,9546.73
10597,2025-03-11,1091,Anjali,Ahmedabad,Beauty,South,,2152.95,5.06,Cash on Delivery,2.0,3.0,
10598,,1057,Vishal,Delhi,Sports,South,7.0,2344.34,29.05,Debit Card,1.0,4.0,11643.16
10599,2025-03-12,1182,Pooja,Gurugram,Electronics,North,2.0,1357.57,13.59,UPI,8.0,1.0,2346.15
10600,2025-03-13,1089,Amit,Delhi,Sports,North,5.0,3785.36,28.37,UPI,6.0,3.0,13557.27
10601,2025-03-14,1228,Sneha,Kolkata,Beauty,Central,1.0,2613.09,20.3,Credit Card,5.0,4.0,2082.63
10602,2025-03-15,1217,Neha,Gurugram,Books,Central,3.0,1672.19,9.05,Credit Card,9.0,5.0,4562.57
10603,2025-03-15,1116,Neha,Gurugram,Home & Kitchen,North,6.0,3020.65,5.65,Credit Card,11.0,4.0,17099.9
10604,2025-03-16,1061,Rahul,Delhi,Home & Kitchen,East,2.0,4979.1,9.11,Debit Card,11.0,2.0,9051.01
10605,2025-03-17,1022,Rahul,Mumbai,Sports,Central,6.0,2232.79,2.79,Cash on Delivery,2.0,3.0,13022.97
10606,,1126,Neha,Delhi,Clothing,East,2.0,4611.39,4.32,Cash on Delivery,10.0,5.0,8824.36
10607,2025-03-18,1136,Amit,Ahmedabad,Home & Kitchen,North,2.0,1790.58,3.14,Cash on Delivery,8.0,2.0,3468.71
10608,2025-03-19,1139,Priya,Mumbai,Books,Central,5.0,368.19,12.69,Debit Card,11.0,2.0,1607.33
10609,2025-03-20,1244,Karan,Ahmedabad,Sports,South,5.0,1100.79,23.87,Debit Card,10.0,2.0,4190.16
10610,2025-03-21,1128,Sneha,Kolkata,Beauty,North,5.0,2151.61,4.24,Credit Card,9.0,3.0,10301.91
10611,2025-03-21,1057,Priya,Pune,Books,West,7.0,1176.21,3.91,UPI,1.0,2.0,7911.54
10612,2025-03-22,1121,Vishal,Chennai,Sports,East,4.0,101.11,19.3,Net Banking,7.0,3.0,326.38
10613,2025-03-23,1000,Karan,Mumbai,Books,North,2.0,4583.51,5.92,Net Banking,8.0,3.0,8624.33
10614,2025-03-23,1238,Karan,Kolkata,Home & Kitchen,North,3.0,4235.01,2.93,UPI,3.0,5.0,12332.77
10615,2025-03-24,1033,Pooja,Jaipur,Beauty,Central,6.0,3737.23,5.01,Credit Card,4.0,1.0,21299.97
10616,2025-03-25,1095,Amit,Kolkata,Sports,Central,5.0,922.29,27.71,UPI,3.0,3.0,3333.62
10617,2025-03-26,1125,Amit,Delhi,,Central,7.0,689.78,24.64,UPI,7.0,4.0,3638.73
10618,2025-03-26,1117,Karan,Delhi,Beauty,West,5.0,431.26,10.62,Net Banking,9.0,4.0,1927.3
10619,2025-03-27,1047,Pooja,Chennai,Electronics,Central,6.0,3647.74,19.67,Credit Card,3.0,3.0,17581.38
10620,2025-03-28,1088,Sneha,Kolkata,Books,North,6.0,4651.16,16.12,Debit Card,6.0,5.0,23408.36
10621,2025-03-29,1231,Karan,Bengaluru,Clothing,Central,2.0,2209.63,20.31,Net Banking,8.0,1.0,3521.71
10622,2025-03-29,1236,Rohit,Pune,Beauty,South,5.0,683.79,20.48,Debit Card,6.0,,2718.75
10623,2025-03-30,1116,Rahul,Delhi,Books,Central,6.0,2610.72,18.86,Credit Card,2.0,3.0,12710.03
10624,2025-03-31,1128,Rahul,Chennai,Electronics,West,4.0,1809.28,7.98,UPI,7.0,2.0,6659.6
10625,2025-03-31,1015,Priya,Pune,Home & Kitchen,South,4.0,1936.64,1.17,Cash on Delivery,2.0,5.0,7655.93
10626,2025-04-01,1188,Vishal,Kolkata,Home & Kitchen,North,5.0,3144.52,13.67,Cash on Delivery,2.0,4.0,13573.32
10627,2025-04-02,1230,Rahul,Kolkata,Clothing,North,7.0,3621.72,26.73,Credit Card,2.0,2.0,18575.44
10628,2025-04-03,1191,Anjali,Gurugram,Beauty,East,6.0,641.96,17.08,Cash on Delivery,11.0,1.0,3193.88
10629,2025-04-03,1190,Priya,Chennai,Beauty,South,2.0,274.39,24.97,Debit Card,1.0,2.0,411.75
10630,2025-04-04,1068,Rahul,Delhi,Beauty,East,2.0,4972.22,29.75,Cash on Delivery,11.0,4.0,6985.97
10631,2025-04-05,1021,Vishal,Bengaluru,Books,South,7.0,1240.37,4.91,Credit Card,1.0,2.0,8256.27
10632,2025-04-06,1092,Amit,Kolkata,Clothing,South,2.0,363.77,20.75,Credit Card,7.0,2.0,576.58
10633,2025-04-06,1246,Amit,Bengaluru,Beauty,West,1.0,1030.39,20.23,Debit Card,5.0,,821.94
10634,2025-04-07,1194,Sneha,Kolkata,Books,East,5.0,290.89,29.4,Cash on Delivery,11.0,4.0,1026.84
10635,2025-04-08,1075,Karan,Delhi,Home & Kitchen,West,2.0,2019.87,29.57,Cash on Delivery,3.0,5.0,2845.19
10636,2025-04-09,1153,Rohit,Pune,Electronics,South,4.0,4031.77,20.6,UPI,1.0,4.0,12804.9
10637,2025-04-09,1143,Amit,Hyderabad,Books,North,6.0,1772.1,7.31,Net Banking,11.0,2.0,9855.36
10638,2025-04-10,1178,Pooja,Pune,Home & Kitchen,South,,2276.5,23.96,Credit Card,10.0,5.0,
10639,2025-04-11,1228,Rahul,,Home & Kitchen,West,7.0,3410.38,3.21,,6.0,4.0,23106.35
10640,2025-04-11,1085,Pooja,Ahmedabad,Electronics,East,,2593.58,23.42,Credit Card,11.0,5.0,
10641,2025-04-12,1184,Vishal,Hyderabad,Home & Kitchen,East,2.0,4321.08,27.31,UPI,1.0,,6281.99
10642,2025-04-13,1028,Amit,Hyderabad,Clothing,West,3.0,4343.57,11.49,Net Banking,9.0,3.0,11533.48
10643,2025-04-14,1205,Rohit,Bengaluru,Electronics,East,3.0,148.56,18.92,UPI,2.0,4.0,361.36
10644,2025-04-14,1219,,,Home & Kitchen,Central,,3912.43,12.9,Credit Card,1.0,2.0,
10645,2025-04-15,1068,Anjali,Bengaluru,Sports,North,4.0,2357.59,13.13,Cash on Delivery,7.0,4.0,8192.15
10646,2025-04-16,1046,Anjali,Bengaluru,Books,North,7.0,4945.32,9.31,Credit Card,6.0,5.0,31394.37
10647,2025-04-17,1240,Pooja,Ahmedabad,Home & Kitchen,North,4.0,2467.84,22.86,Debit Card,6.0,5.0,7614.77
10648,2025-04-17,1093,Karan,Pune,Clothing,East,1.0,4935.79,28.09,Debit Card,5.0,,3549.33
10649,2025-04-18,1237,Priya,Pune,Beauty,East,1.0,3797.39,28.22,Debit Card,11.0,4.0,2725.77
10650,2025-04-19,1189,Karan,Jaipur,Home & Kitchen,South,3.0,1318.16,5.24,Debit Card,4.0,2.0,3747.27
10651,2025-04-19,1243,Sneha,Kolkata,Beauty,South,5.0,2738.14,26.24,Net Banking,11.0,1.0,10098.26
10652,2025-04-20,1196,Karan,Ahmedabad,Sports,North,6.0,4961.46,22.12,Cash on Delivery,4.0,3.0,23183.91
10653,2025-04-21,1203,Sneha,Jaipur,Home & Kitchen,Central,6.0,4301.9,7.59,Cash on Delivery,3.0,4.0,23852.31
10654,2025-04-22,1143,,Delhi,,South,3.0,577.1,2.02,Credit Card,10.0,3.0,1696.33
10655,2025-04-22,1217,Rohit,Kolkata,Beauty,South,6.0,3561.22,8.04,UPI,8.0,2.0,19649.39
10656,2025-04-23,1217,Amit,Kolkata,Sports,East,1.0,,27.37,Credit Card,7.0,4.0,
10657,2025-04-24,1175,Rohit,Gurugram,Electronics,Central,4.0,134.21,19.0,Credit Card,9.0,4.0,434.84
10658,2025-04-25,1084,Sneha,Gurugram,Electronics,North,6.0,2077.06,21.63,Credit Card,1.0,5.0,9766.75
10659,2025-04-25,1038,Vishal,Mumbai,Electronics,South,7.0,1250.3,7.71,Credit Card,7.0,,8077.31
10660,2025-04-26,1099,Anjali,Mumbai,Electronics,Central,3.0,4112.46,21.58,Cash on Delivery,10.0,4.0,9674.97
10661,2025-04-27,1032,Sneha,Bengaluru,Home & Kitchen,Central,5.0,1752.92,0.84,UPI,4.0,,8690.98
10662,2025-04-28,1221,Rohit,Delhi,Books,North,3.0,4154.87,11.26,Credit Card,7.0,5.0,11061.09
10663,2025-04-28,1100,Vishal,Hyderabad,Home & Kitchen,Central,2.0,102.93,18.8,Cash on Delivery,1.0,4.0,167.16
10664,2025-04-29,1022,Rohit,Hyderabad,Home & Kitchen,Central,3.0,1608.31,4.38,Credit Card,5.0,,4613.6
10665,2025-04-30,1249,Karan,Gurugram,Sports,Central,1.0,1281.71,,Debit Card,3.0,5.0,
10666,2025-04-30,1009,Rahul,Gurugram,Sports,South,,1244.48,,Credit Card,5.0,5.0,
10667,2025-05-01,1245,Pooja,Gurugram,Books,North,4.0,434.11,19.57,Credit Card,4.0,3.0,1396.62
10668,2025-05-02,1068,Priya,Ahmedabad,Sports,Central,7.0,1016.91,12.16,Net Banking,2.0,1.0,6252.78
10669,2025-05-03,1099,Rohit,Chennai,Clothing,Central,6.0,2822.19,17.88,Debit Card,11.0,2.0,13905.49
10670,2025-05-03,1033,Priya,Mumbai,Books,South,1.0,1527.67,3.22,UPI,4.0,1.0,1478.48
10671,2025-05-04,1179,Neha,Ahmedabad,Sports,North,2.0,2145.23,0.51,Credit Card,3.0,2.0,4268.58
10672,2025-05-05,1222,Rohit,Pune,Books,East,1.0,1946.65,27.29,UPI,1.0,2.0,1415.41
10673,2025-05-06,1137,Rahul,Hyderabad,Home & Kitchen,South,3.0,4391.93,8.09,Debit Card,10.0,3.0,12109.87
10674,2025-05-06,1249,Priya,Kolkata,Home & Kitchen,North,1.0,4535.97,24.59,Credit Card,8.0,4.0,3420.57
10675,2025-05-07,1146,Sneha,,Books,Central,1.0,2515.49,29.98,Net Banking,5.0,4.0,1761.35
10676,2025-05-08,1185,Rohit,Jaipur,Clothing,North,7.0,1717.76,6.34,Cash on Delivery,4.0,2.0,11261.98
10677,2025-05-08,1095,Amit,Pune,Clothing,North,2.0,623.32,7.96,Net Banking,10.0,4.0,1147.41
10678,2025-05-09,1000,Pooja,Mumbai,Books,North,3.0,4771.67,19.89,Net Banking,5.0,4.0,11467.75
10679,2025-05-10,1247,Rahul,Ahmedabad,Sports,East,5.0,395.11,28.96,Cash on Delivery,4.0,4.0,1403.43
10680,2025-05-11,1068,Priya,Delhi,Beauty,North,7.0,1558.49,27.47,Cash on Delivery,3.0,5.0,7912.61
10681,2025-05-11,1236,Rahul,Kolkata,Clothing,East,5.0,1560.52,15.09,Cash on Delivery,5.0,2.0,6625.19
10682,2025-05-12,1003,Vishal,Mumbai,Electronics,Central,7.0,1669.97,23.85,Credit Card,4.0,2.0,8901.78
10683,2025-05-13,1015,Pooja,Chennai,Home & Kitchen,East,4.0,905.01,4.07,UPI,1.0,,3472.7
10684,,1023,Sneha,Gurugram,Books,Central,7.0,3937.49,29.32,UPI,3.0,2.0,19481.13
10685,2025-05-14,1079,Rohit,Gurugram,Electronics,Central,6.0,700.24,28.93,Cash on Delivery,10.0,4.0,2985.96
10686,2025-05-15,1246,Rohit,Kolkata,Books,East,1.0,3211.04,4.91,Net Banking,10.0,3.0,3053.38
10687,2025-05-16,1001,Rohit,Ahmedabad,Home & Kitchen,South,4.0,706.85,8.98,Debit Card,8.0,3.0,2573.5
10688,2025-05-17,1240,Pooja,Gurugram,Home & Kitchen,West,2.0,445.62,3.0,Cash on Delivery,7.0,2.0,864.5
10689,2025-05-17,1219,Amit,Mumbai,Clothing,North,5.0,4556.2,8.15,Net Banking,2.0,3.0,20924.35
10690,2025-05-18,1127,Neha,Jaipur,Clothing,West,7.0,1031.63,24.48,Net Banking,1.0,4.0,5453.61
10691,2025-05-19,1159,Anjali,Hyderabad,Electronics,North,1.0,4124.13,11.35,Credit Card,3.0,4.0,3656.04
10692,2025-05-19,1218,Karan,Hyderabad,Books,North,2.0,2768.69,2.65,Credit Card,5.0,2.0,5390.64
10693,2025-05-20,1083,Priya,Pune,Home & Kitchen,Central,6.0,481.5,10.27,,10.0,2.0,2592.3
10694,2025-05-21,1151,Amit,Bengaluru,Electronics,North,2.0,4781.7,29.44,UPI,11.0,1.0,6747.94
10695,2025-05-22,1139,Sneha,Delhi,Beauty,North,1.0,,18.89,Debit Card,1.0,1.0,
10696,2025-05-22,1177,Priya,Kolkata,Electronics,East,6.0,4312.26,12.48,Debit Card,3.0,5.0,22644.54
10697,2025-05-23,1162,Rohit,Pune,Sports,West,2.0,927.17,5.0,Debit Card,3.0,1.0,1761.62
10698,2025-05-24,1123,Rahul,Bengaluru,Electronics,East,6.0,4284.32,29.59,Debit Card,5.0,4.0,18099.54
10699,2025-05-25,1032,Sneha,Ahmedabad,Sports,North,7.0,164.82,24.63,Net Banking,3.0,5.0,869.57
10700,2025-05-25,1160,Priya,Chennai,Sports,Central,7.0,2607.72,8.44,Net Banking,9.0,2.0,16713.4
10701,2025-05-26,1188,,Chennai,Sports,East,1.0,3870.27,2.1,UPI,1.0,3.0,3788.99
10702,2025-05-27,1178,Priya,Delhi,Beauty,East,1.0,4680.5,1.7,Credit Card,4.0,5.0,4600.93
10703,2025-05-27,1170,Rahul,Gurugram,Electronics,South,6.0,4555.09,3.61,Credit Card,10.0,5.0,26343.91
10704,2025-05-28,1100,Rohit,Mumbai,Electronics,North,3.0,4116.16,17.42,,10.0,3.0,10197.37
10705,2025-05-29,1011,Neha,Pune,Beauty,Central,4.0,4452.14,27.86,Net Banking,4.0,4.0,12847.1
10706,2025-05-30,1066,Amit,Pune,Home & Kitchen,East,2.0,1076.18,14.9,Debit Card,1.0,5.0,1831.66
10707,2025-05-30,1064,Vishal,Kolkata,Clothing,East,2.0,1492.5,25.29,Debit Card,2.0,3.0,2230.09
10708,2025-05-31,1160,Karan,Kolkata,Electronics,Central,3.0,1515.95,13.38,,11.0,5.0,3939.35
10709,2025-06-01,1167,Pooja,Chennai,Clothing,North,3.0,1947.56,,Credit Card,1.0,3.0,
10710,2025-06-02,1073,Karan,Chennai,Books,South,3.0,2027.27,21.96,Debit Card,6.0,4.0,4746.24
10711,2025-06-02,1042,Sneha,Jaipur,Books,East,5.0,2768.32,5.22,Credit Card,3.0,5.0,13119.07
10712,2025-06-03,1043,Karan,Jaipur,Beauty,South,5.0,883.41,10.84,Cash on Delivery,7.0,5.0,3938.24
10713,2025-06-04,1028,Rohit,Gurugram,Books,,6.0,3487.11,19.12,Credit Card,5.0,3.0,16922.25
10714,2025-06-05,1140,Neha,Jaipur,Books,North,5.0,921.08,2.12,Credit Card,9.0,1.0,4507.77
10715,2025-06-05,1011,Vishal,,Home & Kitchen,West,7.0,1620.51,10.85,Credit Card,7.0,4.0,10112.79
10716,2025-06-06,1094,Amit,Mumbai,Home & Kitchen,West,7.0,2566.39,16.04,Debit Card,4.0,,15083.19
10717,2025-06-07,1045,Amit,Pune,Home & Kitchen,West,1.0,4002.56,29.89,UPI,5.0,4.0,2806.19
10718,2025-06-07,1129,Rahul,Hyderabad,Books,North,6.0,3723.4,14.24,Net Banking,5.0,5.0,19159.13
10719,2025-06-08,1242,Pooja,Mumbai,Beauty,North,2.0,3263.12,24.48,Credit Card,11.0,5.0,4928.62
10720,2025-06-09,1241,Priya,Bengaluru,Sports,Central,4.0,863.29,12.96,Credit Card,5.0,3.0,3005.63
10721,2025-06-10,1034,Neha,Chennai,Sports,South,1.0,2780.52,23.89,Credit Card,10.0,1.0,2116.25
10722,2025-06-10,1214,Priya,Kolkata,Clothing,South,2.0,528.49,17.86,UPI,9.0,3.0,868.2
10723,2025-06-11,1080,Vishal,Jaipur,Sports,Central,2.0,1949.08,26.6,Cash on Delivery,10.0,4.0,2861.25
10724,2025-06-12,1089,Karan,Pune,Sports,Central,6.0,2126.23,12.33,Debit Card,3.0,4.0,11184.4
10725,2025-06-13,1007,Amit,Delhi,Home & Kitchen,West,3.0,295.08,18.13,UPI,6.0,4.0,724.75
10726,2025-06-13,1092,Vishal,Kolkata,Home & Kitchen,Central,3.0,1442.54,18.9,Credit Card,8.0,3.0,3509.7
10727,2025-06-14,1153,Karan,Bengaluru,Books,East,1.0,4782.68,12.52,UPI,11.0,3.0,4183.89
10728,2025-06-15,1201,Amit,Jaipur,Clothing,South,3.0,4772.8,4.33,UPI,9.0,3.0,13698.41
10729,2025-06-15,1089,Karan,Bengaluru,Electronics,Central,,1826.4,2.81,UPI,7.0,4.0,
10730,2025-06-16,1161,Pooja,Chennai,Clothing,East,3.0,311.19,0.5,Cash on Delivery,3.0,2.0,928.9
10731,2025-06-17,1114,Neha,Chennai,Clothing,East,5.0,977.57,26.21,Net Banking,1.0,3.0,3606.74
10732,2025-06-18,1104,Sneha,Gurugram,Beauty,East,3.0,2021.87,7.09,Debit Card,4.0,3.0,5635.56
10733,2025-06-18,1134,Vishal,Pune,Books,East,2.0,4744.12,6.35,Cash on Delivery,6.0,4.0,8885.74
10734,2025-06-19,1195,Vishal,Kolkata,Beauty,West,6.0,791.88,,Cash on Delivery,3.0,1.0,
10735,2025-06-20,1057,Anjali,Ahmedabad,Clothing,East,1.0,3841.23,9.6,Net Banking,1.0,5.0,3472.47
10736,2025-06-21,1244,Rohit,Ahmedabad,Clothing,West,4.0,632.54,15.18,Cash on Delivery,6.0,4.0,2146.08
10737,2025-06-21,1113,Pooja,Kolkata,Clothing,West,3.0,4908.16,4.88,UPI,1.0,4.0,14005.93
10738,2025-06-22,1236,Pooja,Delhi,Sports,East,7.0,1969.92,,UPI,9.0,4.0,
10739,2025-06-23,1074,Priya,Pune,Beauty,South,,3898.65,25.55,Credit Card,11.0,3.0,
10740,2025-06-24,1156,Karan,Bengaluru,Clothing,East,2.0,1778.7,25.91,Cash on Delivery,1.0,3.0,2635.68
10741,2025-06-24,1119,Rohit,Delhi,Home & Kitchen,,4.0,3175.58,12.2,Credit Card,6.0,5.0,11152.64
10742,2025-06-25,1163,Neha,Hyderabad,Books,East,4.0,1040.88,22.87,Debit Card,1.0,4.0,3211.32
10743,2025-06-26,1216,Neha,Kolkata,Books,South,5.0,815.5,4.32,UPI,7.0,5.0,3901.35
10744,2025-06-26,1020,Pooja,Bengaluru,Home & Kitchen,North,4.0,4696.51,0.26,Debit Card,3.0,4.0,18737.2
10745,,1248,Neha,Ahmedabad,Books,North,7.0,4596.47,0.6,Net Banking,6.0,2.0,31982.24
10746,2025-06-28,1163,Anjali,Mumbai,Sports,West,6.0,4448.6,17.6,UPI,,1.0,21993.88
10747,2025-06-29,1137,Vishal,Gurugram,Sports,West,2.0,3164.62,13.66,Debit Card,1.0,4.0,5464.67
10748,2025-06-29,1100,Rahul,Ahmedabad,Electronics,South,2.0,4060.51,15.54,Net Banking,1.0,3.0,6859.01
10749,2025-06-30,1200,Sneha,Pune,Electronics,Central,3.0,438.28,0.22,Debit Card,5.0,3.0,1311.95
10750,2025-07-01,1151,Priya,Chennai,Electronics,North,3.0,1740.47,12.68,Net Banking,6.0,5.0,4559.34
10751,2025-07-02,1191,,Mumbai,Books,West,3.0,,21.54,Net Banking,9.0,3.0,
10752,2025-07-02,1226,Sneha,Gurugram,Sports,North,7.0,,13.28,UPI,1.0,3.0,
10753,2025-07-03,1176,Karan,Gurugram,Sports,South,7.0,1844.19,,Credit Card,,5.0,
10754,2025-07-04,1098,Amit,Hyderabad,Sports,South,7.0,827.68,6.99,Net Banking,10.0,5.0,5388.78
10755,2025-07-04,1239,Sneha,Hyderabad,Home & Kitchen,Central,7.0,3022.69,24.39,Net Banking,8.0,3.0,15998.19
10756,2025-07-05,1035,Rahul,Jaipur,Sports,Central,7.0,4090.48,17.65,UPI,10.0,5.0,23579.57
10757,2025-07-06,1209,,Ahmedabad,Home & Kitchen,South,7.0,1972.41,6.32,Credit Card,9.0,5.0,12934.28
10758,2025-07-07,1240,Anjali,Ahmedabad,Electronics,,6.0,748.12,7.1,Cash on Delivery,3.0,3.0,4170.02
10759,2025-07-07,1230,Vishal,Ahmedabad,Electronics,North,7.0,1063.77,18.84,Cash on Delivery,11.0,1.0,6043.49
10760,2025-07-08,1095,Vishal,Jaipur,Books,East,4.0,1263.67,24.9,Credit Card,2.0,1.0,3796.06
10761,2025-07-09,1151,Anjali,Delhi,Electronics,Central,4.0,1569.5,,Debit Card,4.0,4.0,
10762,2025-07-10,1150,Rohit,Gurugram,Books,East,5.0,3249.7,7.75,UPI,2.0,3.0,14989.24
10763,2025-07-10,1189,Amit,Mumbai,Clothing,West,6.0,3044.63,26.01,Credit Card,1.0,5.0,13516.33
10764,2025-07-11,1223,Karan,Pune,Clothing,Central,3.0,3510.79,20.08,Cash on Delivery,3.0,4.0,8417.47
10765,2025-07-12,1036,Rahul,Gurugram,Beauty,East,1.0,1876.26,13.44,Net Banking,7.0,4.0,1624.09
10766,2025-07-13,1011,Neha,Hyderabad,Books,West,7.0,4137.59,14.64,Cash on Delivery,1.0,5.0,24722.93
10767,2025-07-13,1112,Sneha,Bengaluru,Beauty,North,5.0,1100.03,6.13,Net Banking,2.0,5.0,5162.99
10768,2025-07-14,1182,Amit,Chennai,Beauty,West,1.0,2398.3,18.8,,1.0,3.0,1947.42
10769,2025-07-15,1012,Sneha,Jaipur,Clothing,Central,4.0,4024.6,10.76,Net Banking,8.0,2.0,14366.21
10770,2025-07-15,1022,Rahul,Kolkata,Books,South,5.0,982.78,29.87,Credit Card,5.0,4.0,3446.12
10771,2025-07-16,1216,,Bengaluru,Clothing,North,5.0,638.33,14.41,Net Banking,8.0,3.0,2731.73
10772,2025-07-17,1098,Priya,Pune,Beauty,East,2.0,4430.05,14.58,Debit Card,3.0,3.0,7568.3
10773,2025-07-18,1104,Amit,Ahmedabad,Books,Central,4.0,1780.36,16.98,Credit Card,7.0,4.0,5912.22
10774,2025-07-18,1029,Pooja,Hyderabad,Beauty,South,4.0,3450.96,27.5,UPI,8.0,5.0,10007.78
10775,2025-07-19,1016,Rahul,Hyderabad,Sports,West,6.0,224.21,24.02,Credit Card,6.0,3.0,1022.13
10776,2025-07-20,1112,Rahul,Hyderabad,Books,South,5.0,3481.23,13.53,Debit Card,7.0,4.0,15051.1
10777,2025-07-21,1061,Anjali,Ahmedabad,Books,Central,,1648.9,21.56,UPI,2.0,3.0,
10778,2025-07-21,1083,Pooja,Kolkata,Beauty,Central,4.0,373.13,17.59,Cash on Delivery,8.0,4.0,1229.99
10779,2025-07-22,1111,Karan,Jaipur,Sports,South,5.0,3088.08,14.77,Debit Card,5.0,1.0,13159.85
10780,2025-07-23,1216,Karan,,Home & Kitchen,West,6.0,1279.94,5.77,UPI,7.0,5.0,7236.52
10781,2025-07-23,1085,Neha,Ahmedabad,Clothing,South,7.0,1995.36,13.92,Net Banking,1.0,1.0,12023.24
10782,2025-07-24,1140,Vishal,Pune,Beauty,Central,6.0,494.85,7.37,Credit Card,5.0,4.0,2750.28
10783,2025-07-25,1186,Priya,Jaipur,Books,Central,2.0,821.1,27.45,UPI,1.0,1.0,1191.42
10784,2025-07-26,1018,Karan,Pune,Clothing,East,7.0,1560.09,10.06,Credit Card,8.0,3.0,9822.01
10785,2025-07-26,1176,Pooja,Jaipur,Clothing,East,5.0,539.82,28.57,Net Banking,4.0,,1927.97
10786,2025-07-27,1099,Rahul,Kolkata,Clothing,North,4.0,4563.05,15.99,UPI,4.0,3.0,15333.67
10787,2025-07-28,1139,Karan,Chennai,Home & Kitchen,Central,4.0,129.63,18.95,Cash on Delivery,2.0,,420.26
10788,2025-07-29,1188,Rahul,Pune,Electronics,East,5.0,2470.92,16.29,Debit Card,5.0,3.0,10342.04
10789,2025-07-29,1232,Karan,Ahmedabad,Beauty,South,5.0,703.91,3.88,UPI,1.0,4.0,3382.99
10790,2025-07-30,1146,Priya,Jaipur,,West,5.0,1607.63,11.27,Net Banking,9.0,4.0,7132.25
10791,2025-07-31,1075,Sneha,Hyderabad,Electronics,South,3.0,4637.69,2.97,UPI,5.0,1.0,13499.85
10792,2025-08-01,1008,Karan,Gurugram,Electronics,West,7.0,892.3,18.69,Credit Card,6.0,4.0,5078.7
10793,2025-08-01,1198,Pooja,Hyderabad,Clothing,East,4.0,4832.58,13.41,UPI,2.0,1.0,16738.12
10794,2025-08-02,1027,Karan,Delhi,Sports,North,7.0,1108.39,23.34,Cash on Delivery,10.0,4.0,5947.84
10795,2025-08-03,1205,Vishal,Chennai,Clothing,South,6.0,3733.67,6.61,UPI,,3.0,20921.25
10796,2025-08-03,1222,Priya,Chennai,Clothing,South,4.0,2778.72,4.94,Debit Card,1.0,4.0,10565.8
10797,2025-08-04,1127,Pooja,,Books,South,3.0,4433.95,12.19,UPI,4.0,3.0,11680.35
10798,2025-08-05,1051,Anjali,Bengaluru,Books,West,5.0,2814.57,27.8,Credit Card,7.0,5.0,10160.6
10799,2025-08-06,1082,Pooja,Kolkata,Electronics,East,2.0,2719.34,21.31,UPI,6.0,3.0,4279.7
10800,2025-08-06,1249,Vishal,Pune,,South,5.0,1057.74,12.57,Cash on Delivery,10.0,3.0,4623.91
10801,,1110,Sneha,Ahmedabad,Electronics,South,5.0,914.52,15.52,Net Banking,1.0,3.0,3862.93
10802,2025-08-08,1143,Priya,Chennai,Books,North,3.0,4590.8,2.53,UPI,1.0,5.0,13423.96
10803,2025-08-09,1116,Anjali,Hyderabad,Sports,North,7.0,1706.41,29.54,UPI,8.0,4.0,8416.36
10804,2025-08-09,1068,Vishal,Hyderabad,Beauty,East,4.0,1923.2,19.99,,4.0,4.0,6155.01
10805,2025-08-10,1098,Vishal,Kolkata,Electronics,East,5.0,3823.14,8.56,Cash on Delivery,5.0,5.0,17479.4
10806,2025-08-11,1139,Amit,Kolkata,Sports,Central,4.0,1760.24,17.57,Net Banking,7.0,5.0,5803.86
10807,2025-08-11,1024,Priya,Mumbai,Beauty,North,1.0,4765.11,3.28,Credit Card,8.0,4.0,4608.81
10808,2025-08-12,1179,Pooja,Mumbai,Home & Kitchen,Central,6.0,3715.85,28.98,UPI,10.0,2.0,15833.98
10809,2025-08-13,1122,Rahul,Bengaluru,Electronics,West,7.0,3027.4,5.24,Net Banking,7.0,5.0,20081.35
10810,2025-08-14,1212,Sneha,Bengaluru,Electronics,Central,4.0,4416.39,19.44,Credit Card,2.0,2.0,14231.38
10811,2025-08-14,1227,Rahul,Delhi,Home & Kitchen,South,2.0,343.07,7.36,Cash on Delivery,4.0,4.0,635.64
10812,2025-08-15,1052,Pooja,Bengaluru,Home & Kitchen,Central,6.0,1359.61,21.53,Cash on Delivery,10.0,4.0,6401.32
10813,2025-08-16,1150,Pooja,Jaipur,Electronics,East,2.0,2378.68,23.3,Net Banking,1.0,4.0,3648.9
10814,2025-08-17,1143,Priya,Kolkata,Home & Kitchen,West,5.0,1212.19,20.2,Credit Card,10.0,4.0,4836.64
10815,2025-08-17,1056,Pooja,Ahmedabad,Clothing,South,6.0,3745.14,18.43,Cash on Delivery,9.0,4.0,18329.46
10816,2025-08-18,1038,Amit,Jaipur,Beauty,Central,4.0,4604.12,26.77,Net Banking,3.0,5.0,13486.39
10817,2025-08-19,1108,Anjali,Pune,Beauty,West,6.0,2176.47,2.36,Cash on Delivery,3.0,2.0,12750.63
10818,2025-08-20,1180,Pooja,Hyderabad,Beauty,West,5.0,1776.45,9.93,Cash on Delivery,10.0,3.0,8000.24
10819,2025-08-20,1041,Rahul,Bengaluru,Clothing,South,3.0,4811.6,7.45,Cash on Delivery,9.0,4.0,13359.41
10820,2025-08-21,1185,Pooja,Hyderabad,Home & Kitchen,Central,7.0,2279.78,29.64,Debit Card,10.0,5.0,11228.37
10821,2025-08-22,1166,Amit,Chennai,Sports,West,2.0,2496.34,11.68,Credit Card,3.0,2.0,4409.53
10822,2025-08-22,1141,Karan,Delhi,Home & Kitchen,West,5.0,1823.08,21.98,Net Banking,8.0,1.0,7111.84
10823,2025-08-23,1222,Karan,Chennai,Electronics,North,3.0,4556.79,20.54,Net Banking,2.0,1.0,10862.48
10824,2025-08-24,1121,Vishal,Delhi,Books,West,6.0,2887.88,6.36,Credit Card,3.0,1.0,16225.26
10825,2025-08-25,1132,Sneha,Mumbai,Beauty,North,6.0,3834.66,7.17,Credit Card,2.0,5.0,21358.29
10826,2025-08-25,1162,Neha,Hyderabad,Home & Kitchen,Central,5.0,4077.85,8.44,Credit Card,1.0,4.0,18668.4
10827,2025-08-26,1214,Anjali,Delhi,Sports,Central,4.0,1775.06,12.33,Credit Card,2.0,4.0,6224.78
10828,2025-08-27,1220,Rohit,Gurugram,Electronics,Central,6.0,2225.1,7.03,UPI,8.0,4.0,12412.05
10829,2025-08-28,1234,Vishal,Jaipur,Clothing,East,4.0,4257.51,0.59,Net Banking,9.0,4.0,16929.56
10830,2025-08-28,1074,Sneha,Delhi,Clothing,Central,4.0,1879.95,26.38,,2.0,2.0,5536.08
10831,2025-08-29,1145,,Delhi,Sports,West,7.0,3990.28,28.97,Cash on Delivery,7.0,3.0,19840.07
10832,2025-08-30,1238,Rahul,Jaipur,Electronics,South,4.0,4710.86,10.25,Cash on Delivery,5.0,3.0,16911.99
10833,2025-08-30,1075,Rohit,Hyderabad,Beauty,North,1.0,3153.73,10.16,Net Banking,3.0,2.0,2833.31
10834,2025-08-31,1008,Sneha,Hyderabad,,East,7.0,3733.97,0.21,Cash on Delivery,9.0,3.0,26082.9
10835,2025-09-01,1073,Sneha,Jaipur,Electronics,Central,3.0,4044.98,20.41,Credit Card,6.0,3.0,9658.2
10836,2025-09-02,1185,Vishal,Chennai,Clothing,Central,3.0,4240.69,24.76,UPI,11.0,1.0,9572.09
10837,,1235,Rohit,Gurugram,Sports,South,6.0,2035.76,4.4,Credit Card,1.0,2.0,11677.12
10838,2025-09-03,1144,Priya,Ahmedabad,Sports,South,6.0,,4.79,Cash on Delivery,5.0,4.0,
10839,2025-09-04,1229,Neha,Pune,Home & Kitchen,East,4.0,2069.19,23.7,UPI,7.0,1.0,6315.17
10840,2025-09-05,1006,Priya,Gurugram,Sports,North,7.0,3401.41,18.49,,4.0,5.0,19407.43
10841,2025-09-05,1173,Rohit,Hyderabad,Sports,Central,7.0,2306.72,1.35,Net Banking,8.0,2.0,15929.05
10842,2025-09-06,1140,Priya,Ahmedabad,Electronics,East,1.0,3769.92,18.68,Credit Card,10.0,4.0,3065.7
10843,2025-09-07,1167,Amit,Mumbai,Beauty,West,4.0,1849.21,9.27,Cash on Delivery,5.0,5.0,6711.15
10844,2025-09-08,1169,Karan,Bengaluru,Home & Kitchen,West,1.0,3210.25,11.06,UPI,9.0,5.0,2855.2
10845,2025-09-08,1136,Amit,Delhi,Electronics,East,4.0,1013.46,23.09,Net Banking,9.0,5.0,3117.81
10846,2025-09-09,1177,Pooja,Jaipur,,Central,2.0,3771.91,24.33,UPI,9.0,3.0,5708.41
10847,2025-09-10,1026,Priya,Jaipur,Electronics,East,2.0,2773.91,12.01,Net Banking,1.0,3.0,4881.53
10848,2025-09-10,1121,Pooja,Delhi,Books,Central,5.0,1099.92,28.41,UPI,2.0,3.0,3937.16
10849,,1193,Rahul,Bengaluru,Electronics,South,4.0,1530.36,12.19,Cash on Delivery,3.0,2.0,5375.24
10850,2025-09-12,1004,Anjali,Pune,Sports,East,7.0,3768.18,23.16,Net Banking,4.0,1.0,20268.29
10851,2025-09-13,1028,,Bengaluru,Beauty,Central,6.0,2464.75,14.52,Debit Card,10.0,5.0,12641.21
10852,2025-09-13,1164,Rohit,Ahmedabad,Home & Kitchen,East,3.0,1158.55,26.93,UPI,9.0,4.0,2539.66
10853,2025-09-14,1165,Sneha,Bengaluru,Home & Kitchen,,5.0,4839.63,27.23,UPI,10.0,4.0,17608.99
10854,2025-09-15,1082,Karan,Ahmedabad,Beauty,Central,6.0,3604.11,2.62,Credit Card,6.0,5.0,21058.09
10855,2025-09-16,1135,Priya,Bengaluru,Sports,Central,2.0,4789.96,28.09,Net Banking,1.0,4.0,6888.92
10856,2025-09-16,1239,Vishal,Pune,Clothing,North,4.0,2192.81,24.77,Debit Card,9.0,4.0,6598.6
10857,2025-09-17,1108,Anjali,Pune,Electronics,East,5.0,2427.99,23.74,Cash on Delivery,6.0,4.0,9257.93
10858,2025-09-18,1064,Neha,Hyderabad,Sports,,4.0,4499.98,6.03,Credit Card,4.0,2.0,16914.52
10859,2025-09-18,1085,Neha,Delhi,Books,East,2.0,2672.74,24.15,Debit Card,4.0,3.0,4054.55
10860,2025-09-19,1243,Neha,Pune,Beauty,East,5.0,3565.67,25.5,Net Banking,3.0,5.0,13282.12
10861,2025-09-20,1144,Priya,Ahmedabad,Electronics,Central,2.0,1335.65,8.67,Debit Card,7.0,5.0,2439.7
10862,2025-09-21,1070,Neha,Pune,Home & Kitchen,East,1.0,2288.96,28.57,UPI,3.0,5.0,1635.0
10863,2025-09-21,1216,,Hyderabad,Clothing,East,2.0,704.9,1.5,UPI,2.0,3.0,1388.65
10864,2025-09-22,1044,Anjali,Jaipur,Books,West,7.0,1109.3,4.5,Credit Card,10.0,5.0,7415.67
10865,2025-09-23,1131,Amit,Ahmedabad,Home & Kitchen,Central,7.0,104.62,16.13,Net Banking,8.0,1.0,614.21
10866,2025-09-24,1035,Sneha,Hyderabad,Beauty,East,4.0,292.4,17.27,Net Banking,4.0,2.0,967.61
10867,2025-09-24,1069,Anjali,Chennai,Electronics,South,3.0,4888.69,19.35,Debit Card,8.0,3.0,11828.19
10868,2025-09-25,1158,Amit,Chennai,Beauty,North,2.0,1287.53,0.51,Credit Card,1.0,3.0,2561.93
10869,2025-09-26,1018,,Mumbai,Electronics,West,6.0,3350.22,28.81,Net Banking,5.0,3.0,14310.13
10870,2025-09-27,1188,Sneha,Bengaluru,Sports,East,7.0,4211.59,1.34,UPI,9.0,3.0,29086.08
10871,2025-09-27,1107,Pooja,Delhi,Clothing,South,3.0,2798.24,4.29,Debit Card,1.0,2.0,8034.59
10872,2025-09-28,1181,Priya,Kolkata,Sports,East,1.0,850.41,0.42,Cash on Delivery,,3.0,846.84
10873,2025-09-29,1166,Priya,Gurugram,Sports,East,5.0,3667.77,17.01,UPI,4.0,4.0,15219.41
10874,2025-09-29,1090,Neha,Hyderabad,Beauty,Central,5.0,3041.23,27.97,Credit Card,6.0,4.0,10952.99
10875,2025-09-30,1201,Rahul,Jaipur,Clothing,Central,7.0,3683.13,19.98,Net Banking,10.0,2.0,20630.68
10876,2025-10-01,1089,Neha,Gurugram,Electronics,Central,3.0,3871.76,,UPI,8.0,3.0,
10877,2025-10-02,1018,Rohit,Jaipur,Electronics,South,7.0,4879.51,0.4,Cash on Delivery,3.0,4.0,34019.94
10878,2025-10-02,1038,Amit,Gurugram,Books,East,5.0,2910.46,16.26,Cash on Delivery,5.0,4.0,12186.1
10879,2025-10-03,1125,Anjali,Hyderabad,Home & Kitchen,North,2.0,1774.04,13.79,Credit Card,7.0,3.0,3058.8
10880,2025-10-04,1194,Rahul,,Books,West,3.0,3277.48,14.97,UPI,1.0,4.0,8360.52
10881,2025-10-05,1172,Sneha,Gurugram,Books,Central,4.0,435.36,2.17,Debit Card,,5.0,1703.65
10882,2025-10-05,1140,Rohit,Hyderabad,Electronics,Central,2.0,4497.25,20.53,UPI,11.0,2.0,7147.93
10883,2025-10-06,1241,Sneha,Pune,Beauty,East,2.0,684.97,15.1,Cash on Delivery,8.0,3.0,1163.08
10884,2025-10-07,1219,Priya,Kolkata,Sports,East,2.0,1706.43,22.95,Credit Card,8.0,3.0,2629.61
10885,2025-10-07,1125,Priya,Ahmedabad,Sports,South,4.0,4097.15,14.56,Credit Card,9.0,4.0,14002.42
10886,2025-10-08,1057,Neha,Jaipur,Sports,South,1.0,3026.83,4.48,Debit Card,6.0,2.0,2891.23
10887,2025-10-09,1147,Amit,Chennai,Clothing,Central,6.0,2028.81,19.45,Credit Card,6.0,,9805.24
10888,2025-10-10,1219,Rahul,Bengaluru,Electronics,East,7.0,2419.83,5.17,Credit Card,2.0,3.0,16063.07
10889,2025-10-10,1199,Karan,Chennai,Beauty,North,5.0,4287.28,26.17,Credit Card,,5.0,15826.49
10890,2025-10-11,1060,Rohit,Kolkata,Clothing,West,7.0,1766.02,18.39,Credit Card,4.0,4.0,10088.74
10891,2025-10-12,1126,Rohit,Ahmedabad,Home & Kitchen,East,3.0,4361.28,,Credit Card,4.0,4.0,
10892,2025-10-13,1104,Neha,Jaipur,Beauty,East,1.0,531.86,28.87,Cash on Delivery,8.0,5.0,378.31
10893,2025-10-13,1166,Priya,Ahmedabad,Books,South,3.0,3906.31,15.55,UPI,1.0,,9896.64
10894,2025-10-14,1000,Neha,Gurugram,Beauty,West,7.0,,2.19,Net Banking,10.0,5.0,
10895,2025-10-15,1130,Anjali,Jaipur,Beauty,Central,5.0,990.91,18.8,Credit Card,4.0,4.0,4023.09
10896,2025-10-16,1204,Rahul,Gurugram,Sports,East,4.0,2208.7,7.6,Net Banking,11.0,3.0,8163.36
10897,2025-10-16,1091,Amit,Hyderabad,Beauty,Central,7.0,910.95,24.11,Net Banking,11.0,5.0,4839.24
10898,2025-10-17,1189,Pooja,Kolkata,Books,East,2.0,3562.36,24.53,Cash on Delivery,11.0,5.0,5377.03
10899,2025-10-18,1248,Vishal,,Books,Central,7.0,2723.2,29.37,Credit Card,4.0,5.0,13463.77
10900,2025-10-18,1190,Vishal,Mumbai,Electronics,West,2.0,,15.06,Net Banking,1.0,2.0,
10901,2025-10-19,1112,Neha,Ahmedabad,Beauty,South,4.0,1062.79,13.65,,3.0,5.0,3670.88
10902,2025-10-20,1152,Anjali,Gurugram,Sports,West,7.0,1137.55,22.6,Debit Card,5.0,5.0,6163.25
10903,2025-10-21,1055,Rahul,Pune,Beauty,North,1.0,303.34,3.97,Debit Card,6.0,3.0,291.3
10904,2025-10-21,1160,Karan,Hyderabad,Home & Kitchen,South,1.0,1678.13,16.41,Debit Card,9.0,1.0,1402.75
10905,2025-10-22,1165,Vishal,Mumbai,Home & Kitchen,West,3.0,2842.75,16.39,Net Banking,9.0,2.0,7130.47
10906,2025-10-23,1116,,Delhi,Sports,North,4.0,4303.88,2.68,Debit Card,9.0,5.0,16754.14
10907,2025-10-24,1133,Amit,Chennai,Electronics,East,1.0,3367.94,12.54,Cash on Delivery,11.0,4.0,2945.6
10908,2025-10-24,1057,Sneha,Jaipur,Electronics,East,7.0,2233.44,25.6,Cash on Delivery,1.0,3.0,11631.76
10909,2025-10-25,1043,Anjali,Mumbai,Books,Central,4.0,4770.29,25.68,Net Banking,9.0,3.0,14181.12
10910,2025-10-26,1172,Priya,Kolkata,Books,South,5.0,3624.3,2.98,Credit Card,8.0,3.0,17581.48
10911,2025-10-26,1159,Rahul,Hyderabad,Clothing,East,2.0,4657.81,2.72,UPI,2.0,4.0,9062.24
10912,2025-10-27,1172,Amit,Kolkata,Sports,South,7.0,2685.18,,Credit Card,11.0,3.0,
10913,2025-10-28,1060,Karan,Chennai,Beauty,East,2.0,1368.63,26.24,Credit Card,1.0,5.0,2019.0
10914,2025-10-29,1046,Pooja,Pune,Sports,Central,2.0,358.85,3.87,Credit Card,1.0,4.0,689.93
10915,2025-10-29,1148,Priya,Ahmedabad,Clothing,West,4.0,3657.82,21.6,Credit Card,6.0,4.0,11470.92
10916,2025-10-30,1079,Pooja,,Books,Central,4.0,694.38,3.03,UPI,9.0,3.0,2693.36
10917,2025-10-31,1117,Karan,Kolkata,Sports,North,3.0,1583.6,18.69,Debit Card,7.0,1.0,3862.88
10918,2025-11-01,1212,Amit,Gurugram,Sports,East,2.0,2709.11,10.68,Credit Card,5.0,3.0,4839.55
10919,2025-11-01,1202,Vishal,Pune,Books,North,3.0,2865.64,23.67,Cash on Delivery,11.0,3.0,6562.03
10920,2025-11-02,1228,Pooja,Ahmedabad,Clothing,North,2.0,3042.86,7.01,Net Banking,2.0,2.0,5659.11
10921,2025-11-03,1163,Priya,Pune,Books,South,3.0,914.65,19.18,Net Banking,1.0,5.0,2217.66
10922,2025-11-04,1226,Neha,Mumbai,Electronics,East,3.0,1960.71,7.07,Cash on Delivery,2.0,3.0,5466.26
10923,2025-11-04,1146,Rohit,Pune,Beauty,North,5.0,3124.25,21.41,Credit Card,,2.0,12276.74
10924,2025-11-05,1019,Rahul,Bengaluru,Books,West,3.0,4852.11,26.21,UPI,3.0,2.0,10741.12
10925,2025-11-06,1184,Vishal,Chennai,Clothing,North,4.0,3665.39,3.8,Debit Card,,3.0,14104.42
10926,2025-11-06,1145,Pooja,Ahmedabad,Home & Kitchen,West,3.0,4620.76,26.0,,8.0,5.0,10258.09
10927,2025-11-07,1046,Sneha,Pune,Electronics,South,2.0,3834.84,17.81,Debit Card,3.0,3.0,6303.71
10928,2025-11-08,1232,Rahul,Kolkata,Home & Kitchen,North,3.0,2999.41,3.81,UPI,10.0,3.0,8655.4
10929,2025-11-09,1048,Neha,Delhi,Books,Central,1.0,1040.91,12.83,Net Banking,9.0,4.0,907.36
10930,2025-11-09,1013,Karan,Bengaluru,Electronics,South,6.0,3366.76,4.83,Debit Card,,3.0,19224.87
10931,2025-11-10,1142,Rohit,Bengaluru,Beauty,West,2.0,3154.56,21.01,UPI,5.0,2.0,4983.57
10932,2025-11-11,1158,Amit,Gurugram,Books,South,1.0,3052.1,22.77,Debit Card,7.0,2.0,2357.14
10933,2025-11-12,1000,Neha,Pune,Beauty,North,2.0,2499.95,3.17,Credit Card,8.0,3.0,4841.4
10934,2025-11-12,1116,Neha,Gurugram,Sports,East,4.0,2690.42,15.18,UPI,3.0,2.0,9128.06
10935,2025-11-13,1053,Karan,Gurugram,Home & Kitchen,East,6.0,1738.77,24.44,Debit Card,2.0,1.0,7882.89
10936,2025-11-14,1117,Anjali,Delhi,Electronics,West,6.0,2644.63,28.08,Credit Card,2.0,5.0,11412.11
10937,2025-11-14,1002,Karan,Mumbai,Beauty,West,4.0,1068.02,15.41,Credit Card,5.0,2.0,3613.75
10938,2025-11-15,1143,,Pune,Clothing,East,6.0,4045.35,28.51,UPI,1.0,4.0,17352.12
10939,2025-11-16,1214,Anjali,Hyderabad,Beauty,West,4.0,1010.31,16.07,Cash on Delivery,2.0,,3391.81
10940,2025-11-17,1184,Vishal,Ahmedabad,Clothing,South,1.0,516.33,11.83,Net Banking,9.0,4.0,455.25
10941,2025-11-17,1202,Vishal,Gurugram,Books,Central,5.0,2237.61,25.45,UPI,7.0,,8340.69
10942,2025-11-18,1011,Priya,Chennai,Electronics,Central,2.0,3325.71,14.79,Credit Card,6.0,2.0,5667.67
10943,2025-11-19,1073,Pooja,Jaipur,Beauty,South,4.0,2244.81,14.16,Credit Card,9.0,4.0,7707.78
10944,2025-11-20,1223,Pooja,Chennai,Beauty,Central,2.0,1456.1,14.71,UPI,7.0,4.0,2483.82
10945,2025-11-20,1015,Amit,Delhi,Electronics,North,1.0,2835.04,25.4,Cash on Delivery,11.0,4.0,2114.94
10946,2025-11-21,1199,Pooja,Delhi,Beauty,South,5.0,1800.31,24.96,Net Banking,5.0,1.0,6754.76
10947,2025-11-22,1101,Vishal,Kolkata,Clothing,West,1.0,4671.05,12.11,Debit Card,9.0,,4105.39
10948,2025-11-23,1203,Priya,Mumbai,Beauty,South,,4620.96,10.0,UPI,6.0,1.0,
10949,2025-11-23,1151,Priya,Ahmedabad,Home & Kitchen,East,2.0,2561.62,14.76,Net Banking,6.0,3.0,4367.05
10950,2025-11-24,1155,Anjali,Gurugram,Books,,7.0,1706.63,17.18,Net Banking,11.0,3.0,9894.02
10951,2025-11-25,1116,Karan,Chennai,Sports,East,5.0,3711.95,7.15,Credit Card,4.0,1.0,17232.73
10952,2025-11-25,1007,Amit,Jaipur,Clothing,West,6.0,279.89,23.82,Debit Card,1.0,3.0,1279.32
10953,2025-11-26,1121,Anjali,Delhi,Home & Kitchen,Central,5.0,2426.37,,UPI,5.0,4.0,
10954,2025-11-27,1091,Karan,Delhi,Books,South,,1747.98,10.02,Credit Card,11.0,5.0,
10955,2025-11-28,1163,Pooja,Mumbai,Electronics,North,1.0,4610.63,3.2,Credit Card,9.0,5.0,4463.09
10956,2025-11-28,1089,Anjali,Jaipur,Clothing,West,4.0,158.81,7.17,Cash on Delivery,8.0,3.0,589.69
10957,2025-11-29,1135,Rahul,Jaipur,,West,2.0,2808.79,28.48,Net Banking,8.0,4.0,4017.69
10958,2025-11-30,1185,Pooja,Mumbai,Books,East,3.0,3729.25,9.15,UPI,5.0,1.0,10164.07
10959,2025-12-01,1059,,Delhi,Sports,Central,3.0,2476.59,5.07,UPI,9.0,3.0,7053.08
10960,2025-12-01,1177,Amit,Ahmedabad,Electronics,East,1.0,518.47,13.82,UPI,3.0,2.0,446.82
10961,2025-12-02,1027,Karan,Pune,Electronics,East,2.0,4865.06,9.21,Credit Card,3.0,3.0,8833.98
10962,2025-12-03,1219,Anjali,Pune,Clothing,Central,2.0,2638.25,1.05,Cash on Delivery,1.0,3.0,5221.1
10963,2025-12-03,1100,Anjali,Mumbai,Beauty,North,1.0,3109.51,9.69,Debit Card,9.0,3.0,2808.2
10964,2025-12-04,1040,Neha,Jaipur,Electronics,East,2.0,1259.39,16.32,Credit Card,6.0,4.0,2107.72
10965,2025-12-05,1227,Amit,Gurugram,Books,East,4.0,2469.14,16.55,Debit Card,2.0,5.0,8241.99
10966,2025-12-06,1191,Sneha,Mumbai,Beauty,West,1.0,2202.83,10.7,Cash on Delivery,8.0,3.0,1967.13
10967,2025-12-06,1154,Pooja,Ahmedabad,Home & Kitchen,Central,4.0,466.99,13.42,Net Banking,9.0,5.0,1617.28
10968,2025-12-07,1245,Priya,Mumbai,Sports,South,2.0,620.19,28.97,UPI,9.0,,881.04
10969,2025-12-08,1190,Amit,Bengaluru,Beauty,North,1.0,4203.62,11.32,Debit Card,2.0,4.0,3727.77
10970,2025-12-09,1144,Priya,Chennai,Sports,North,2.0,1275.12,7.75,Credit Card,2.0,4.0,2352.6
10971,2025-12-09,1200,Amit,Jaipur,Beauty,Central,1.0,1055.3,7.3,Debit Card,7.0,2.0,978.26
10972,2025-12-10,1160,Amit,Kolkata,Home & Kitchen,West,2.0,2574.07,13.73,Net Banking,11.0,5.0,4441.3
10973,2025-12-11,1244,Karan,Kolkata,Electronics,West,4.0,3866.86,22.79,UPI,4.0,4.0,11942.41
10974,2025-12-12,1211,Amit,Jaipur,Home & Kitchen,Central,7.0,403.54,6.18,,1.0,5.0,2650.21
10975,2025-12-12,1204,Neha,Ahmedabad,Electronics,West,4.0,2926.36,21.28,Net Banking,8.0,,9214.52
10976,2025-12-13,1219,Sneha,Bengaluru,Electronics,North,2.0,684.13,0.63,Credit Card,2.0,5.0,1359.64
10977,2025-12-14,1239,Anjali,Bengaluru,Sports,North,1.0,278.66,12.57,Cash on Delivery,3.0,4.0,243.63
10978,2025-12-14,1156,Rohit,Delhi,Books,South,3.0,358.45,23.28,Credit Card,5.0,3.0,825.01
10979,2025-12-15,1140,Priya,Chennai,Home & Kitchen,Central,4.0,4187.4,10.16,UPI,3.0,3.0,15047.84
10980,2025-12-16,1045,Anjali,Pune,Beauty,East,4.0,678.07,,Credit Card,7.0,3.0,
10981,2025-12-17,1034,Rohit,Hyderabad,Home & Kitchen,East,6.0,321.24,6.15,Credit Card,7.0,3.0,1808.9
10982,2025-12-17,1133,Sneha,Ahmedabad,Sports,South,3.0,2245.71,22.26,Credit Card,2.0,3.0,5237.44
10983,2025-12-18,1081,Sneha,Hyderabad,Electronics,South,2.0,4235.57,1.57,Credit Card,7.0,5.0,8338.14
10984,2025-12-19,1114,Priya,Hyderabad,Sports,,7.0,1385.8,25.58,UPI,,4.0,7219.19
10985,2025-12-20,1196,Priya,,Clothing,South,1.0,2166.39,5.95,Net Banking,6.0,5.0,2037.49
10986,2025-12-20,1046,Sneha,Kolkata,Clothing,South,6.0,295.62,26.23,Debit Card,10.0,5.0,1308.47
10987,2025-12-21,1152,Rohit,Kolkata,Beauty,East,2.0,2300.48,10.58,Cash on Delivery,9.0,,4114.18
10988,2025-12-22,1193,Amit,Pune,Sports,West,5.0,2930.3,21.68,Debit Card,9.0,5.0,11475.05
10989,2025-12-22,1009,Pooja,Jaipur,Beauty,South,7.0,2897.44,9.58,Debit Card,2.0,4.0,18339.06
10990,2025-12-23,1055,Rahul,Hyderabad,Beauty,South,,1728.89,27.18,Cash on Delivery,7.0,5.0,
10991,2025-12-24,1029,Anjali,Gurugram,Clothing,West,5.0,1646.11,3.8,UPI,5.0,3.0,7917.79
10992,2025-12-25,1241,Karan,Kolkata,Beauty,Central,4.0,622.46,5.36,Cash on Delivery,6.0,3.0,2356.38
10993,2025-12-25,1108,Anjali,Ahmedabad,Clothing,West,4.0,1897.31,14.79,UPI,1.0,3.0,6466.79
10994,2025-12-26,1004,Karan,Ahmedabad,Electronics,East,5.0,587.52,2.46,Debit Card,7.0,4.0,2865.34
10995,2025-12-27,1118,Rohit,Delhi,Sports,Central,7.0,3856.32,5.88,UPI,6.0,4.0,25406.98
10996,2025-12-28,1247,Karan,Mumbai,Beauty,North,5.0,4834.74,28.31,Net Banking,4.0,3.0,17330.13
10997,2025-12-28,1032,Priya,Gurugram,Clothing,West,2.0,4853.36,29.29,Cash on Delivery,,3.0,6863.62
10998,2025-12-29,1117,Pooja,Kolkata,Home & Kitchen,East,6.0,4338.85,11.29,Net Banking,9.0,5.0,23093.96
10999,2025-12-30,1064,Pooja,Bengaluru,Beauty,Central,6.0,3043.88,27.7,Debit Card,4.0,4.0,13204.35
11000,2025-12-31,1145,Priya,Kolkata,Books,West,5.0,3534.24,16.34,Cash on Delivery,2.0,3.0,14783.73
10779,2025-07-22,1111,Karan,Jaipur,Sports,South,5.0,3088.08,14.77,Debit Card,5.0,1.0,13159.85
10335,2024-09-01,1095,Pooja,Pune,Clothing,West,3.0,1737.54,16.34,Credit Card,8.0,3.0,4360.88
10272,2024-07-17,1051,Vishal,Pune,Home & Kitchen,North,5.0,2833.58,15.33,Cash on Delivery,11.0,3.0,11995.96
10803,2025-08-09,1116,Anjali,Hyderabad,Sports,North,7.0,1706.41,29.54,UPI,8.0,4.0,8416.36
10217,2024-06-06,1169,Priya,Gurugram,Electronics,West,7.0,1473.64,7.76,Credit Card,8.0,2.0,9515.0
10409,2024-10-25,1227,Anjali,Hyderabad,Sports,South,2.0,4464.23,19.39,Debit Card,9.0,4.0,7197.23
10813,2025-08-16,1150,Pooja,Jaipur,Electronics,East,2.0,2378.68,23.3,Net Banking,1.0,4.0,3648.9
10095,2024-03-09,1220,Neha,Gurugram,Home & Kitchen,East,5.0,521.56,26.09,Debit Card,4.0,5.0,1927.42
10488,2024-12-21,1024,Neha,Gurugram,Home & Kitchen,North,6.0,3938.6,9.47,Debit Card,5.0,4.0,21393.69
10171,2024-05-04,1034,Anjali,Kolkata,Clothing,,2.0,2806.59,13.81,Debit Card,11.0,4.0,4838.0
